ALTER TABLE `RS_IMG` AUTO_INCREMENT=1;
SET @COUNT = 0;
UPDATE `RS_IMG` SET RS_IMG_NO = @COUNT:=@COUNT+1;

INSERT INTO RESTAURANT (RS_NO,RS_NAME, RS_PLACE_ROAD, RS_PLACE_LOCAL ,RS_LAT ,RS_LONG , RS_PHONE ,RS_OPEN_TIME,RS_CLOSE_TIME,RS_CLOSE_DAY,RS_FOOD_CATEGORY,RS_LIKES,RS_YOUTUBE,RS_YOUTUBE_IMG) VALUES
(   10001   ,   '대성집'   ,   '서울 종로구 사직로 5'   ,   '행촌동 209-35'   ,   37.57273   ,   126.9609   ,   '02-735-4259'   ,'   10:30   ','   20:00   ',   '일요일'   ,   'k'   ,   134   ,   '성시경 먹을텐데'   ,   'https://www.mukbangmap.com/_next/image?url=https%3A%2F%2Fi3.ytimg.com%2Fvi%2Fwu1fOmsPEr8%2Fmqdefault.jpg&w=640&q=75'   ),
(   10002   ,   '어머니대성집'   ,   '서울 동대문구 왕산로11길 4'   ,   '용두동 232-26'   ,   37.57745   ,   127.0285   ,   '02-923-1718'   ,'   06:00   ','   04:00   ',   NULL   ,   'k'   ,   150   ,   '성시경 먹을텐데'   ,   'https://www.mukbangmap.com/_next/image?url=https%3A%2F%2Fi3.ytimg.com%2Fvi%2F28pXe1a9yrA%2Fmqdefault.jpg&w=640&q=75'   ),
(   10003   ,   '신미식당'   ,   '서울 강남구 압구정로 214 현대종합상가빌딩 1층'   ,   '신사동 615'   ,   37.52792   ,   127.0309   ,   '02-516-4900'   ,'   11:00   ','   22:00   ',   '토요일'   ,   'k'   ,   120   ,   '성시경 먹을텐데'   ,   'https://www.mukbangmap.com/_next/image?url=https%3A%2F%2Fi3.ytimg.com%2Fvi%2Fa4IFiQUf3D4%2Fmqdefault.jpg&w=640&q=75'   ),
(   10004   ,   '방화동 교동짬뽕'   ,   '서울 강서구 금낭화로24나길 21 이루미팰리스 101호'   ,   '방화3동'   ,   37.57728   ,   126.8157   ,   '02-2665-5778'   ,'   11:00   ','   19:30   ',   '월요일'   ,   'c'   ,   100   ,   '성시경 먹을텐데'   ,   'https://www.mukbangmap.com/_next/image?url=https%3A%2F%2Fi3.ytimg.com%2Fvi%2Fl4bgfC2WlUY%2Fmqdefault.jpg&w=640&q=75'   ),
(   10005   ,   '반구정나루터집'   ,   '경기 파주시 문산읍 반구정로85번길 13'   ,   '사목리 208-2'   ,   37.86848   ,   126.7518   ,   '031-952-3472'   ,'   11:30   ','   22:00   ',   NULL   ,   'k'   ,   119   ,   '성시경 먹을텐데'   ,   'https://www.mukbangmap.com/_next/image?url=https%3A%2F%2Fi3.ytimg.com%2Fvi%2F0TaXOZFxmn4%2Fmqdefault.jpg&w=640&q=75'   ),
(   10006   ,   '서이축산'   ,   '서울 서초구 서래로 29 A동 서이축산'   ,   '반포동 96-4'   ,   37.49748   ,   126.9981   ,   '02-535-1145'   ,'   09:00   ','   21:00   ',   '월요일'   ,   'k'   ,   140   ,   '성시경 먹을텐데'   ,   'https://www.mukbangmap.com/_next/image?url=https%3A%2F%2Fi3.ytimg.com%2Fvi%2FLQOYruD7sek%2Fmqdefault.jpg&w=640&q=75'   ),
(   10007   ,   '청화집'   ,   '충남 천안시 동남구 병천면 충절로 1749'   ,   '병천리 167-6'   ,   36.76230   ,   127.2993   ,   '041-564-1558'   ,'   09:00   ','   17:00   ',   '월요일'   ,   'k'   ,   110   ,   '성시경 먹을텐데'   ,   'https://www.mukbangmap.com/_next/image?url=https%3A%2F%2Fi3.ytimg.com%2Fvi%2FUHembfdHJn8%2Fmqdefault.jpg&w=640&q=75'   ),
(   10008   ,   '태화장'   ,   '대전 동구 중앙로203번길 78'   ,   '정동 36-32'   ,   36.33387   ,   127.4294   ,   '042-256-2407'   ,'   11:30   ','   21:00   ',   '월요일'   ,   'c'   ,   200   ,   '성시경 먹을텐데'   ,   'https://www.mukbangmap.com/_next/image?url=https%3A%2F%2Fi3.ytimg.com%2Fvi%2FS3EsbtdFe_g%2Fmqdefault.jpg&w=640&q=75'   ),
(   10009   ,   '진미식당'   ,   '전북 익산시 황등면 황등로 158'   ,   '황등리 902-11'   ,   36.00586   ,   126.9449   ,   '063-856-4422'   ,'   11:00   ','   19:00   ',   '일요일'   ,   'k'   ,   155   ,   '성시경 먹을텐데'   ,   'https://www.mukbangmap.com/_next/image?url=https%3A%2F%2Fi3.ytimg.com%2Fvi%2FPj61du5bEiY%2Fmqdefault.jpg&w=640&q=75'   ),
(   10010   ,   '월드양념통닭'   ,   '부산 사하구 장림번영로 22 월드양념통닭'   ,   '장림동 792-7'   ,   35.08076   ,   128.9679   ,   NULL   ,'   15:00   ','   23:00   ',   '일요일,월요일'   ,   'k'   ,   111   ,   '성시경 먹을텐데'   ,   'https://www.mukbangmap.com/_next/image?url=https%3A%2F%2Fi3.ytimg.com%2Fvi%2FEMEROo6ZX6E%2Fmqdefault.jpg&w=640&q=75'   ),
(   10011   ,   '산동포자'   ,   '인천 부평구 마장로 75 대경빌딩'   ,   '십정동 170-46'   ,   37.48536   ,   126.7078   ,   '032-431-8885'   ,'   18:00   ','   22:00   ',   NULL   ,   'c'   ,   130   ,   '백종원'   ,   'https://www.mukbangmap.com/_next/image?url=https%3A%2F%2Fi3.ytimg.com%2Fvi%2For2TgTRjPq8%2Fmqdefault.jpg&w=640&q=75'   ),
(   10012   ,   '청룡대반점'   ,   '충북 진천군 초평면 초동로 10-3'   ,   '용정리 581-45'   ,   36.84503   ,   127.5234   ,   '043-534-8828'   ,'   10:30   ','   18:30   ',   NULL   ,   'c'   ,   112   ,   '백종원'   ,   'https://www.mukbangmap.com/_next/image?url=https%3A%2F%2Fi3.ytimg.com%2Fvi%2Fhw6xu-nRFLw%2Fmqdefault.jpg&w=640&q=75'   ),
(   10013   ,   '고향식당'   ,   '강원 홍천군 두촌면 설악로 4467'   ,   '자은리 732-1'   ,   37.88694   ,   128.0290   ,   NULL   ,'   NULL   ','   NULL   ',   NULL   ,   'k'   ,   96   ,   '백종원'   ,   'https://www.mukbangmap.com/_next/image?url=https%3A%2F%2Fi3.ytimg.com%2Fvi%2Fb_7XO-fE3HQ%2Fmqdefault.jpg&w=640&q=75'   ),
(   10014   ,   '랜드홀분식'   ,   '충남 서산시 번화1로 7'   ,   '읍내동 174-3'   ,   36.78146   ,   126.4506   ,   '0507-1393-7397'   ,'   15:00   ','   22:00   ',   '월요일'   ,   'k'   ,   100   ,   '백종원'   ,   'https://www.mukbangmap.com/_next/image?url=https%3A%2F%2Fi3.ytimg.com%2Fvi%2F1QG4BAWeoB0%2Fmqdefault.jpg&w=640&q=75'   ),
(   10015   ,   '할매묵은지지짐이'   ,   '충남 천안시 동남구 봉서11길 17 103호'   ,   '봉명동 429'   ,   36.81382   ,   127.1327   ,   '0507-1321-1727'   ,'   11:30   ','   17:30   ',   '일요일'   ,   'k'   ,   130   ,   '백종원'   ,   'https://www.mukbangmap.com/_next/image?url=https%3A%2F%2Fi3.ytimg.com%2Fvi%2Fhvbh9EnL6Ww%2Fmqdefault.jpg&w=640&q=75'   ),
(   10016   ,   '오누이식당'   ,   '충남 홍성군 홍성읍 내포로156번길 26'   ,   '옥암리'   ,   36.59535   ,   126.6533   ,   '041-631-6883'   ,'   11:30   ','   20:30   ',   '토요일,일요일'   ,   'k'   ,   132   ,   '백종원'   ,   'https://www.mukbangmap.com/_next/image?url=https%3A%2F%2Fi3.ytimg.com%2Fvi%2F654d-BlJKPc%2Fmqdefault.jpg&w=640&q=75'   ),
(   10017   ,   '고향보리밥집'   ,   '강원 원주시 흥업면 남원로 69-1'   ,   '흥업리 586-4'   ,   37.30261   ,   127.9198   ,   '033-763-7959'   ,'   11:30   ','   20:00   ',   '일요일'   ,   'k'   ,   124   ,   '백종원'   ,   'https://www.mukbangmap.com/_next/image?url=https%3A%2F%2Fi3.ytimg.com%2Fvi%2F9qXUA5p7Ge0%2Fmqdefault.jpg&w=640&q=75'   ),
(   10018   ,   '아바이회국수'   ,   '강원 속초시 청호로 115-12 아바이회국수'   ,   '청호동 1113-5'   ,   38.19990   ,   128.5945   ,   '033-636-1299'   ,'   09:30   ','   19:00   ',   '화요일'   ,   'j'   ,   160   ,   '백종원'   ,   'https://www.mukbangmap.com/_next/image?url=https%3A%2F%2Fi3.ytimg.com%2Fvi%2FzGsqGy5fZ8s%2Fmqdefault.jpg&w=640&q=75'   ),
(   10019   ,   '꽃게해장국'   ,   '강원 동해시 중앙로 234 이주민상가'   ,   '천곡동 855'   ,   37.52170   ,   129.1150   ,   '033-532-3034'   ,'   08:00   ','   20:00   ',   NULL   ,   'k'   ,   117   ,   '백종원'   ,   'https://www.mukbangmap.com/_next/image?url=https%3A%2F%2Fi3.ytimg.com%2Fvi%2FX-hXvN5MQRI%2Fmqdefault.jpg&w=640&q=75'   ),
(   10020   ,   '한우생돌곱창구이'   ,   '전남 장성군 장성읍 역전로 139'   ,   '기산리 478-5'   ,   35.30466   ,   126.7808   ,   '061-394-7944'   ,'   NULL   ','   NULL   ',   NULL   ,   'k'   ,   123   ,   '백종원'   ,   'https://www.mukbangmap.com/_next/image?url=https%3A%2F%2Fi3.ytimg.com%2Fvi%2FFpnRPY9Rfdo%2Fmqdefault.jpg&w=640&q=75'   ),
(   10021   ,   '오복수산'   ,   '서울 영등포구 국제금융로2길 17 씨티플라자 3층'   ,   '여의도동 25'   ,   37.52429   ,   126.9259   ,   '0507-1387-9923'   ,'   11:00   ','   21:30   ',   NULL   ,   'k'   ,   127   ,   '최자로드'   ,   'https://www.mukbangmap.com/_next/image?url=https%3A%2F%2Fi3.ytimg.com%2Fvi%2FdM7tSTJYPK8%2Fmqdefault.jpg&w=640&q=75'   ),
(   10022   ,   '금돼지식당'   ,   '서울 중구 다산로 149'   ,   '신당동 370-69'   ,   37.55728   ,   127.0116   ,   '0507-1307-8750'   ,'   11:30   ','   23:00   ',   NULL   ,   'k'   ,   166   ,   '최자로드'   ,   'https://www.mukbangmap.com/_next/image?url=https%3A%2F%2Fi3.ytimg.com%2Fvi%2FdOGpXEOiYH8%2Fmqdefault.jpg&w=640&q=75'   ),
(   10023   ,   '봉자마라탕'   ,   '서울 광진구 동일로18길 22'   ,   '자양동 12-5'   ,   37.53964   ,   127.0640   ,   '02-499-8889'   ,'   11:00   ','   24:00   ',   NULL   ,   'c'   ,   143   ,   '최자로드'   ,   'https://www.mukbangmap.com/_next/image?url=https%3A%2F%2Fi3.ytimg.com%2Fvi%2FoXhr2_y2k7k%2Fmqdefault.jpg&w=640&q=75'   ),
(   10024   ,   '초가뭉텅찌개'   ,   '강원 춘천시 신북읍 율문길 107-1'   ,   '율문리 275-1'   ,   37.92496   ,   127.7496   ,   '033-241-0078'   ,'   10:30   ','   21:30   ',   '월요일'   ,   'k'   ,   180   ,   '최자로드'   ,   'https://www.mukbangmap.com/_next/image?url=https%3A%2F%2Fi3.ytimg.com%2Fvi%2FEB5CcJfPwBI%2Fmqdefault.jpg&w=640&q=75'   ),
(   10025   ,   '맛이차이나'   ,   '서울 마포구 독막로 68'   ,   '상수동 321-1'   ,   37.54756   ,   126.9208   ,   '010-9822-2653'   ,'   11:30   ','   22:00   ',   NULL   ,   'c'   ,   138   ,   '최자로드'   ,   'https://www.mukbangmap.com/_next/image?url=https%3A%2F%2Fi3.ytimg.com%2Fvi%2FTwlzZI0jZw0%2Fmqdefault.jpg&w=640&q=75'   ),
(   10026   ,   '당골식당'   ,   '전남 구례군 산동면 당골길 86-31 당골식당'   ,   '좌사리 85'   ,   35.31410   ,   127.4870   ,   '061-783-1689'   ,'   12:00   ','   20:00   ',   '화요일'   ,   'k'   ,   178   ,   '최자로드'   ,   'https://www.mukbangmap.com/_next/image?url=https%3A%2F%2Fi3.ytimg.com%2Fvi%2FnnCu9asy9uE%2Fmqdefault.jpg&w=640&q=75'   ),
(   10027   ,   '고미태'   ,   '서울 마포구 월드컵로 41 1층 고미태'   ,   '합정동 427-18'   ,   37.55300   ,   126.9119   ,   '010-4876-8432'   ,'   NULL   ','   NULL   ',   '월요일'   ,   'k'   ,   121   ,   '최자로드'   ,   'https://www.mukbangmap.com/_next/image?url=https%3A%2F%2Fi3.ytimg.com%2Fvi%2FQxErY8Pl3mI%2Fmqdefault.jpg&w=640&q=75'   ),
(   10028   ,   '보보식당'   ,   '서울 강남구 언주로174길 30 로빈명품관 1층 103호'   ,   '신사동 640-2'   ,   37.52786   ,   127.0362   ,   '0507-1346-7436'   ,'   11:30   ','   17:30   ',   NULL   ,   'c'   ,   144   ,   '최자로드'   ,   'https://www.mukbangmap.com/_next/image?url=https%3A%2F%2Fi3.ytimg.com%2Fvi%2F5e2S4YdJ2IY%2Fmqdefault.jpg&w=640&q=75'   ),
(   10029   ,   '돌담집'   ,   '경기 가평군 설악면 한서로 106 돌담집'   ,   '창의리 431-3'   ,   37.67276   ,   127.5032   ,   '010-2284-3217'   ,'   11:00   ','   21:00   ',   '목요일'   ,   'k'   ,   147   ,   '최자로드'   ,   'https://www.mukbangmap.com/_next/image?url=https%3A%2F%2Fi3.ytimg.com%2Fvi%2FqF3pjv-kMpA%2Fmqdefault.jpg&w=640&q=75'   ),
(   10030   ,   '원주복추어탕'   ,   '강원 원주시 치악로 1748'   ,   '개운동 406-13'   ,   37.33853   ,   127.9564   ,   '033-763-7987'   ,'   09:00   ','   21:00   ',   NULL   ,   'k'   ,   141   ,   '최자로드'   ,   'https://www.mukbangmap.com/_next/image?url=https%3A%2F%2Fi3.ytimg.com%2Fvi%2Fu5haD6yLpnw%2Fmqdefault.jpg&w=640&q=75'   ),
(   10031   ,   '횡성한우촌'   ,   '서울 송파구 중대로 24 올림픽훼밀리상가 135호'   ,   '문정동 150'   ,   37.49090   ,   127.1178   ,   '02-448-7794'   ,'   11:30   ','   22:00   ',   NULL   ,   'k'   ,   156   ,   '현주엽'   ,   'https://www.mukbangmap.com/_next/image?url=https%3A%2F%2Fi3.ytimg.com%2Fvi%2F4AXGqLWTZCg%2Fmqdefault.jpg&w=640&q=75'   ),
(   10032   ,   '유어다이닝'   ,   '서울 마포구 망원로6길 56 101호 유어다이닝'   ,   '망원동 398-15'   ,   37.55444   ,   126.9038   ,   '070-7585-0412'   ,'   12:00   ','   22:00   ',   NULL   ,   'w'   ,   113   ,   '현주엽'   ,   'https://www.mukbangmap.com/_next/image?url=https%3A%2F%2Fi3.ytimg.com%2Fvi%2FTezvUXSxzLg%2Fmqdefault.jpg&w=640&q=75'   ),
(   10033   ,   '철뚝소머리집'   ,   '강원 강릉시 주문진읍 철둑길 42'   ,   '주문리 326-2'   ,   37.89223   ,   128.8244   ,   '033-662-3747'   ,'   07:00   ','   16:30   ',   '목요일'   ,   'k'   ,   188   ,   '현주엽'   ,   'https://www.mukbangmap.com/_next/image?url=https%3A%2F%2Fi3.ytimg.com%2Fvi%2FCa9KF5j1QdQ%2Fmqdefault.jpg&w=640&q=75'   ),
(   10034   ,   '용궁단골식당'   ,   '경북 상주시 상산로 35'   ,   '신봉동 483-1'   ,   36.39592   ,   128.1547   ,   '054-531-1114'   ,'   10:00   ','   21:00   ',   NULL   ,   'k'   ,   156   ,   '현주엽'   ,   'https://www.mukbangmap.com/_next/image?url=https%3A%2F%2Fi3.ytimg.com%2Fvi%2FC5vrZK3SINA%2Fmqdefault.jpg&w=640&q=75'   ),
(   10035   ,   '동락식당'   ,   '전남 영광군 영광읍 현암길 55-8'   ,   '백학리 25-2'   ,   35.27621   ,   126.5109   ,   '061-351-3363'   ,'   12:00   ','   20:00   ',   '일요일'   ,   'k'   ,   159   ,   '현주엽'   ,   'https://www.mukbangmap.com/_next/image?url=https%3A%2F%2Fi3.ytimg.com%2Fvi%2FyF5FnffqaRo%2Fmqdefault.jpg&w=640&q=75'   ),
(   10036   ,   '베트남고향식당'   ,   '경기 안산시 단원구 중앙대로 443'   ,   '원곡동 787-14'   ,   37.32899   ,   126.7887   ,   '031-492-0865'   ,'   10:00   ','   22:00   ',   '화요일'   ,   'v'   ,   98   ,   '현주엽'   ,   'https://www.mukbangmap.com/_next/image?url=https%3A%2F%2Fi3.ytimg.com%2Fvi%2FYNq4WtQKFHA%2Fmqdefault.jpg&w=640&q=75'   ),
(   10037   ,   '용바위식당'   ,   '강원 인제군 북면 진부령로 107'   ,   '용대리 71-3'   ,   38.22386   ,   128.3676   ,   '033-462-4079'   ,'   08:00   ','   18:00   ',   NULL   ,   'k'   ,   199   ,   '현주엽'   ,   'https://www.mukbangmap.com/_next/image?url=https%3A%2F%2Fi3.ytimg.com%2Fvi%2FLwgXvkscvgE%2Fmqdefault.jpg&w=640&q=75'   ),
(   10038   ,   '광명반점'   ,   '대구 북구 칠성로 70-1'   ,   '칠성동2가 350-20'   ,   35.87914   ,   128.5969   ,   '053-424-0938'   ,'   11:00   ','   14:00   ',   '월요일'   ,   'c'   ,   101   ,   '현주엽'   ,   'https://www.mukbangmap.com/_next/image?url=https%3A%2F%2Fi3.ytimg.com%2Fvi%2FqBPPXsixQhQ%2Fmqdefault.jpg&w=640&q=75'   ),
(   10039   ,   '어랑생선구이'   ,   '경기 고양시 일산동구 정발산로 31-9 레이크프라자-2'   ,   '장항동 859 레이크프라자 107호'   ,   37.65723   ,   126.7718   ,   '031-907-9295'   ,'   07:00   ','   21:45   ',   NULL   ,   'k'   ,   211   ,   '현주엽'   ,   'https://www.mukbangmap.com/_next/image?url=https%3A%2F%2Fi3.ytimg.com%2Fvi%2Fymri4XwsKSk%2Fmqdefault.jpg&w=640&q=75'   ),
(   10040   ,   '삼학물회'   ,   '경남 사천시 목섬길 9'   ,   '서금동 141-1'   ,   34.92622   ,   128.0755   ,   '0507-1423-2306'   ,'   09:30   ','   20:00   ',   '목요일'   ,   'k'   ,   220   ,   '현주엽'   ,   'https://www.mukbangmap.com/_next/image?url=https%3A%2F%2Fi3.ytimg.com%2Fvi%2F7lIjZszYiqc%2Fmqdefault.jpg&w=640&q=75'   ),
(   10041   ,   '원조부산아구'   ,   '서울 강남구 강남대로150길 10'   ,   '논현동 16-1'   ,   37.51578   ,   127.0206   ,   '0507-1439-9947'   ,'   10:00   ','   2:00   ',   NULL   ,   'k'   ,   133   ,   '홍석천이원일'   ,   'https://www.mukbangmap.com/_next/image?url=https%3A%2F%2Fi3.ytimg.com%2Fvi%2F-UDRt6_NfEE%2Fmqdefault.jpg&w=640&q=75'   ),
(   10042   ,   '별미볶음점'   ,   '서울 영등포구 국제금융로6길 33 여의도백화점 지하 1층'   ,   '여의도동 36-2'   ,   37.52071   ,   126.9269   ,   '02-761-8188'   ,'   11:00   ','   21:00   ',   '토요일,일요일'   ,   'k'   ,   158   ,   '홍석천이원일'   ,   'https://www.mukbangmap.com/_next/image?url=https%3A%2F%2Fi3.ytimg.com%2Fvi%2FT62atXdV2s0%2Fmqdefault.jpg&w=640&q=75'   ),
(   10043   ,   '당산옛날곱창'   ,   '서울 영등포구 당산로47길 14 1층'   ,   '당산동6가 313-1'   ,   37.53535   ,   126.9023   ,   '02-3667-2315'   ,'   11:30   ','   22:30   ',   '일요일'   ,   'k'   ,   210   ,   '홍석천이원일'   ,   'https://www.mukbangmap.com/_next/image?url=https%3A%2F%2Fi3.ytimg.com%2Fvi%2Fec-6uhaWqho%2Fmqdefault.jpg&w=640&q=75'   ),
(   10044   ,   '이나경송탄부대찌개'   ,   '경기 수원시 팔달구 효원로307번길 47 문화빌딩'   ,   '인계동 1121-6'   ,   37.26297   ,   127.0359   ,   '031-223-7893'   ,'   11:00   ','   22:00   ',   NULL   ,   'k'   ,   251   ,   '홍석천이원일'   ,   'https://www.mukbangmap.com/_next/image?url=https%3A%2F%2Fi3.ytimg.com%2Fvi%2F5bo45cJ5Ido%2Fmqdefault.jpg&w=640&q=75'   ),
(   10045   ,   '칠갑산건강한쌈'   ,   '충남 청양군 대치면 주전로 6'   ,   '주정리 503-2'   ,   36.44759   ,   126.8272   ,   '0507-1491-1996'   ,'   11:00   ','   22:00   ',   NULL   ,   'k'   ,   244   ,   '홍석천이원일'   ,   'https://www.mukbangmap.com/_next/image?url=https%3A%2F%2Fi3.ytimg.com%2Fvi%2FTDrCSETg9hI%2Fmqdefault.jpg&w=640&q=75'   ),
(   10046   ,   '미성당납작만두'   ,   '대구 중구 큰장로28길 28'   ,   '대신동 115-377'   ,   35.86945   ,   128.5813   ,   NULL   ,'   NULL   ','   NULL   ',   NULL   ,   'c'   ,   167   ,   '홍석천이원일'   ,   'https://www.mukbangmap.com/_next/image?url=https%3A%2F%2Fi3.ytimg.com%2Fvi%2FTeDf2OuAK0c%2Fmqdefault.jpg&w=640&q=75'   ),
(   10047   ,   '본전돼지국밥'   ,   '부산 동구 중앙대로214번길 3-8'   ,   '초량3동'   ,   35.11660   ,   129.0414   ,   '051-441-2946'   ,'   09:00   ','   20:30   ',   NULL   ,   'k'   ,   171   ,   '홍석천이원일'   ,   'https://www.mukbangmap.com/_next/image?url=https%3A%2F%2Fi3.ytimg.com%2Fvi%2Faaj8-GyAemk%2Fmqdefault.jpg&w=640&q=75'   ),
(   10048   ,   '소나무집'   ,   '경기 하남시 검단산로 342-13 2,3층'   ,   '창우동 4-13'   ,   37.54102   ,   127.2376   ,   '031-795-6677'   ,'   11:00   ','   22:00   ',   '화요일'   ,   'k'   ,   172   ,   '홍석천이원일'   ,   'https://www.mukbangmap.com/_next/image?url=https%3A%2F%2Fi3.ytimg.com%2Fvi%2FhtNjA3YqbG0%2Fmqdefault.jpg&w=640&q=75'   ),
(   10049   ,   '우육면관'   ,   '서울 종로구 종로7길 29-14'   ,   '청진동 39'   ,   37.57201   ,   126.9812   ,   '0507-1313-4830'   ,'   11:00   ','   22:00   ',   NULL   ,   'c'   ,   173   ,   '홍석천이원일'   ,   'https://www.mukbangmap.com/_next/image?url=https%3A%2F%2Fi3.ytimg.com%2Fvi%2F7322HzPT8Hs%2Fmqdefault.jpg&w=640&q=75'   ),
(   10050   ,   '톤쇼우'   ,   '부산 수영구 광안해변로279번길 13 1층'   ,   '민락동 181-20'   ,   35.15646   ,   129.1248   ,   '010-5835-7978'   ,'   11:00   ','   21:30   ',   NULL   ,   'j'   ,   176   ,   '홍석천이원일'   ,   'https://www.mukbangmap.com/_next/image?url=https%3A%2F%2Fi3.ytimg.com%2Fvi%2FpQRy9ZFqQ6A%2Fmqdefault.jpg&w=640&q=75'   )
;

TRUNCATE TABLE RS_IMG ;

SELECT * FROM RESTAURANT; 



INSERT INTO RS_IMG (RS_NO ,RS_IMG_PATH) VALUES
(	10001	, 'https://search.pstatic.net/common/?src=https%3A%2F%2Fldb-phinf.pstatic.net%2F20160705_287%2F1467687537728mGnwM_PNG%2F_004.png' ),
(	10001	, 'https://search.pstatic.net/common/?src=https%3A%2F%2Fldb-phinf.pstatic.net%2F20160705_115%2F1467687537818QnB1J_PNG%2F_006.png' ),
(	10001	, 'https://search.pstatic.net/common/?src=https%3A%2F%2Fldb-phinf.pstatic.net%2F20160705_254%2F1467687537927RmaOf_PNG%2F_007.png' ),
(	10001	, 'https://search.pstatic.net/common/?src=https%3A%2F%2Fpup-review-phinf.pstatic.net%2FMjAyNDEwMDhfMjE4%2FMDAxNzI4MzU4NTkzMzEz.G5ys6kPc46nvAghCxAU_lbskBsE_Ir5hLKRl3FclNbwg.0y36y86rznzbghoaCpp7e91mwtgPQbaHkdNZgsND2MUg.JPEG%2FD9B4DA99-D527-49E2-8BF1-09A34522F6B4.jpeg%3Ftype%3Dw1500_60_sharpen	 ' ),
(	10001	, 'https://search.pstatic.net/common/?src=http%3A%2F%2Fblogfiles.naver.net%2FMjAyNDA3MTVfMjIg%2FMDAxNzIxMDMxMTU5NzY5.supBUAsc-BrzVJrKiqyQCVhVmfkriJrgE-TTaAElfoAg.3CyFyfDnHQBjU8w62WJpIRgprTwtW37F5VRfYsvsDqMg.JPEG%2FIMG_5954.jpg' ),
(	10001	, 'https://search.pstatic.net/common/?src=http%3A%2F%2Fblogfiles.naver.net%2FMjAyNDA3MDZfMTIw%2FMDAxNzIwMjI5NjYxNTY5.kwXs6BF8_A5UDHBEkRVW4mTFKodoH5muegDmknjfVwMg.Ywkggq6rnFd4tVJdvDeBQMQoxV9vCW7Ju37G1CgCfg4g.JPEG%2FIMG_2807.JPg' ),
(	10001	, 'https://search.pstatic.net/common/?src=https%3A%2F%2Fldb-phinf.pstatic.net%2F20181221_200%2F1545360308474vnQPy_JPEG%2FCH1UCiO-7WwZf7AZfDCXt0Tp.jpg' ),
(	10001	, 'https://search.pstatic.net/common/?src=http%3A%2F%2Fblogfiles.naver.net%2FMjAyNDA1MjBfNCAg%2FMDAxNzE2MjA5MTc0Nzgw.NhSLLhL41fAyohswzhVYodvyDVZiJmyDmHocDE7zPZAg.jH24LF12eOC3o9MY8Tba6CmExJ1uwAN-4DbRqnddRX8g.JPEG%2FIMG_2533.jpg' ),
(	10001	, 'https://search.pstatic.net/common/?src=http%3A%2F%2Fblogfiles.naver.net%2FMjAyNDEwMDFfMTEg%2FMDAxNzI3NzgxNTQ2NjM1.ed9-J1iF6DG_HFgir_55agrMUthZr7ThVmsn_R73sF4g.xIREFxIPuJSmhQePPcaoUV1ZqOR9eXwr1Ac0O0qW60Qg.JPEG%2FKakaoTalk_20241001_151732553_12.jpg' ),
(	10001	, 'https://search.pstatic.net/common/?src=http%3A%2F%2Fblogfiles.naver.net%2FMjAyNDA0MThfMjEx%2FMDAxNzEzNDE2NDgyNjY4.QNn5MsIQ3H-jXo83EV34qfqZ0iWu-KD3TY4anrntLoMg.inZkTVWsb5wL2zUbN1KHoX5PzGvhgzdV2wQJ3Ln-1vcg.JPEG%2FKakaoTalk_20240417_150425334_13.jpg' ),
(	10002	, 'https://search.pstatic.net/common/?src=https%3A%2F%2Fpup-review-phinf.pstatic.net%2FMjAyNDEwMDhfMjEw%2FMDAxNzI4Mzg1Nzc4NjQ1.4x49m5heI2W-tpTXvuXiHqm6sN80q4O86Oq9j2S-Rc0g.HPRSN4pHlC-mvkS8rySQF0kvOrkyaERlJSZp__iRSlQg.JPEG%2F1000044899.jpg.jpg%3Ftype%3Dw1500_60_sharpen	 ' ),
(	10002	, 'https://search.pstatic.net/common/?src=https%3A%2F%2Fpup-review-phinf.pstatic.net%2FMjAyNDEwMDZfODkg%2FMDAxNzI4MjIyMjYzMTU2.AK-3v3jzRQeBKgHCl_FCPa59AeEoovotcFt_8_V8-s4g.Kz-o383gcgeSza3LBvsXc3PnvdizWtfyJtJU_esqtekg.JPEG%2F431FFD2A-515C-4B3C-9063-804CBE2A99BA.jpeg%3Ftype%3Dw1500_60_sharpen	 ' ),
(	10002	, 'https://search.pstatic.net/common/?src=http%3A%2F%2Fblogfiles.naver.net%2FMjAyNDEwMDNfMjk1%2FMDAxNzI3ODkyOTQyNzc3.PSOwax-C40BxnECWYjlZ-7Zw5NqshLldrS6ZOpk-H9Mg.sHDwN08ojh5UDF6eLxpMxBvAe3UXe7ToOCX4_CHTso8g.JPEG%2FIMG_6167_2.jpg' ),
(	10002	, 'https://search.pstatic.net/common/?src=http%3A%2F%2Fblogfiles.naver.net%2FMjAyNDA4MjhfMTA5%2FMDAxNzI0ODA2NjkzODY3.3r4m1aDQzKm2cEDen3bcBYMMm7gwuORImr4O6jvVrA4g.Iet6WTahgeQJQ7jcadTURgdDBh13a0uwXAPJxudj-1Ig.JPEG%2FIMG_2176.jpg' ),
(	10002	, 'https://search.pstatic.net/common/?src=https%3A%2F%2Fldb-phinf.pstatic.net%2F20230224_57%2F1677173543945pajnH_JPEG%2F20230222_143903.jpg' ),
(	10002	, 'https://search.pstatic.net/common/?src=https%3A%2F%2Fpup-review-phinf.pstatic.net%2FMjAyNDEwMDZfMTAg%2FMDAxNzI4MjIyMjYzMjM2.RUukhvrRj5kdugNCMwAp4L1jGBYi3p9vhCMXxgZUE74g.5Pr5ukC68lAvw4G2D56VD_sMeSDWv4HvMC0TDgXeqNkg.JPEG%2FCB1B4F96-D1F7-4EE5-A624-6D125D811F35.jpeg%3Ftype%3Dw1500_60_sharpen	 ' ),
(	10002	, 'https://search.pstatic.net/common/?src=https%3A%2F%2Fpup-review-phinf.pstatic.net%2FMjAyNDEwMDZfMjcz%2FMDAxNzI4MjIyMjYzMTgz.T8fp298v6VU1tNKIoCmIi_7iMjVTmXtOyP-avV-TRXEg.l1RHBdgBCG2f4yuelQ3Are8HSec1IlZ3Azh4LSxX7hEg.JPEG%2F8F1E339C-872E-466C-81C4-33D78278FA7F.jpeg%3Ftype%3Dw1500_60_sharpen	 ' ),
(	10002	, 'https://search.pstatic.net/common/?src=http%3A%2F%2Fblogfiles.naver.net%2FMjAyNDA2MDlfNTIg%2FMDAxNzE3OTMwNDM4Mjkw.ExwmPBiYvol6RxZPw5X01dU3J0-E9Dn7dgrSkKkfTY8g.mcV5bPcMlHAXU3VSWRWeWuvf9zZMo4X2SAOyvQPZ3mkg.JPEG%2FIMG_0722.jpeg' ),
(	10002	, 'https://search.pstatic.net/common/?src=http%3A%2F%2Fblogfiles.naver.net%2FMjAyNDA5MjVfMjY5%2FMDAxNzI3MjI2MzcwNjA1.B1Q1yK7Xo3YJ6VaxVHhCh6a13z5rwHsVGIHyG8UWWLkg.UcFRZbtkEoSOEleY2AJbZ3jpic6Gh0uYuXKHAkaG4D8g.JPEG%2FFullSizeRender.jpg' ),
(	10002	, 'https://search.pstatic.net/common/?src=https%3A%2F%2Fpup-review-phinf.pstatic.net%2FMjAyNDEwMDRfNjIg%2FMDAxNzI4MDIzODY2NjUw.G49Qnfor208on2rAM1XOQp3rIQTxAulOv4SPPw5y9gEg.B8b-yXnt54_RpKEI22edDJmk7kd1ZSkD8l3QxFhDKSIg.JPEG%2F1000002961.jpg.jpg%3Ftype%3Dw1500_60_sharpen	 ' ),
(	10003	, 'https://search.pstatic.net/common/?src=http%3A%2F%2Fblogfiles.naver.net%2FMjAyNDA4MThfMTY4%2FMDAxNzIzOTM2OTk5NDEw.nsFTh8N_c2JW8rGiAOU_ulBz7F2kmU2xFx_EYMGzdDkg.clstbxB6RmsZ8ms7LvokhX4GWBabOx_P23bznPTI264g.JPEG%2FKakaoTalk_20240815_203234454_02.jpg' ),
(	10003	, 'https://search.pstatic.net/common/?src=http%3A%2F%2Fblogfiles.naver.net%2FMjAyNDA4MDdfNDkg%2FMDAxNzIzMDI3MDkxNzEz.iglEBaiN0lNiRxFnZ2-gqJdZQ9HE2wKNvDahCVMN5Ocg.5gMPC5NGl5qNzVx8GPDS3u1_h-AFAiL6HRu4qtju980g.JPEG%2F20240423_145345.jpg' ),
(	10003	, 'https://search.pstatic.net/common/?src=https%3A%2F%2Fldb-phinf.pstatic.net%2F20150831_192%2F1441021269572gRIJf_JPEG%2F156155413938027_2.jpg' ),
(	10003	, 'https://search.pstatic.net/common/?src=https%3A%2F%2Fpup-review-phinf.pstatic.net%2FMjAyNDA5MjlfMjEy%2FMDAxNzI3NjE0OTU0Njk4.XCH801_IrXmckDeK9EsnzBbR9QDmjiFXzbeCT2iUCz0g.UH645YW7nVO_-gr-t-lvB1v7SSjuVFoWru7EXCnYql4g.JPEG%2F1000018105.jpg.jpg%3Ftype%3Dw1500_60_sharpen	 ' ),
(	10003	, 'https://search.pstatic.net/common/?src=https%3A%2F%2Fpup-review-phinf.pstatic.net%2FMjAyNDA5MjRfMjg0%2FMDAxNzI3MTUxNzU4Njkz.fyL7QSPOin_tRw6-Ev8IAC19EyIEKPH19HrH2hZP11Mg.Wtahe5XFzt-zEIaVjwYu7DYrny1DA5zapCY1NJU4d1Yg.JPEG%2F1000022347.jpg.jpg%3Ftype%3Dw1500_60_sharpen	 ' ),
(	10003	, 'https://search.pstatic.net/common/?src=http%3A%2F%2Fblogfiles.naver.net%2FMjAyMzA5MDlfMTE1%2FMDAxNjk0MjE2MDQyNDM5.uM_ZOD17lFjkNcB9NE4vP0sClQFeTPPrv9OZ7coxx_wg.hXclleXj_7yHy_8ituZPrE2Zvt8JgVB9QnsPbfYg96Eg.JPEG.santajoajoa%2F20230908%25A3%25DF125649.jpg' ),
(	10003	, 'https://search.pstatic.net/common/?src=http%3A%2F%2Fblogfiles.naver.net%2FMjAyNDAxMjJfMTk4%2FMDAxNzA1OTA3NjEwNDY2.1N755jrckfQ6uLAKcHhq3vdw1CsOR9dnCYmP_NRNzRog.h-DYWR18SXCMGLFocvakWSZRjr4rs9zXyEzKbXY9Eocg.JPEG.g_yu9712%2FIMG_1633.jpg' ),
(	10003	, 'https://search.pstatic.net/common/?src=http%3A%2F%2Fblogfiles.naver.net%2FMjAyNDAxMjJfMTk4%2FMDAxNzA1OTA3NjEwNDY2.1N755jrckfQ6uLAKcHhq3vdw1CsOR9dnCYmP_NRNzRog.h-DYWR18SXCMGLFocvakWSZRjr4rs9zXyEzKbXY9Eocg.JPEG.g_yu9712%2FIMG_1633.jpg' ),
(	10003	, 'https://search.pstatic.net/common/?src=https%3A%2F%2Fpup-review-phinf.pstatic.net%2FMjAyNDEwMDlfMTA2%2FMDAxNzI4NDM4NDkzNTY5.4fRIWc7xA0gaqIC83KLdradx5OfloJ5dixQVd5470gkg.asVX4KcuKar7vrlldOjtUw5VLcwdIGMQk1rwBQ8KO8Ag.JPEG%2F1000075447.jpg.jpg%3Ftype%3Dw1500_60_sharpen	 ' ),
(	10003	, 'https://search.pstatic.net/common/?src=https%3A%2F%2Fpup-review-phinf.pstatic.net%2FMjAyNDA5MjRfMTEg%2FMDAxNzI3MTUxNzU5Mzg5.0HWyppnSGT22DNcVdF9A6wlfjUEtjpl2pbPfxOfVerog.SzChCXGjrUMaGlsvi3B4peOIBFDVL7AahiFtsI121cMg.JPEG%2F1000022349.jpg.jpg%3Ftype%3Dw1500_60_sharpen	 ' ),
(	10004	, 'https://search.pstatic.net/common/?src=https%3A%2F%2Fldb-phinf.pstatic.net%2F20160203_154%2F1454484501009fktdn_JPEG%2F176153565839645_0.jpg' ),
(	10004	, 'https://search.pstatic.net/common/?src=https%3A%2F%2Fldb-phinf.pstatic.net%2F20160203_194%2F1454484501074tYhRm_JPEG%2F176153565839645_1.jpg' ),
(	10004	, 'https://search.pstatic.net/common/?src=https%3A%2F%2Fldb-phinf.pstatic.net%2F20160203_233%2F14544845011846NkEt_JPEG%2F176153565839645_2.jpg' ),
(	10004	, 'https://search.pstatic.net/common/?src=https%3A%2F%2Fpup-review-phinf.pstatic.net%2FMjAyNDEwMDZfMTgz%2FMDAxNzI4MjIyMzAzMzc3.sB4BtHLDU3yLUkWF_xqai-Sexg17IfKp24Z0MXoEyl4g.1BeMrWpJHhpW-Yeal88UJ8m6Dxc-8zYoG8i5Y1qM5kEg.JPEG%2FF95075DD-144F-49E9-BE90-36E57756BF93.jpeg%3Ftype%3Dw1500_60_sharpen	 ' ),
(	10004	, 'https://search.pstatic.net/common/?src=https%3A%2F%2Fpup-review-phinf.pstatic.net%2FMjAyNDEwMDRfMTcw%2FMDAxNzI4MDM3NzQwNjEx.MNMYJlpvgmnGtUOh18W0YL8bGQbw8bYKN6Ge-QR6ThIg.dl22ZYDqsR_aPXEBCmo7R_pUCuddWJBivADikm7XMLAg.JPEG%2F1000036431.jpg.jpg%3Ftype%3Dw1500_60_sharpen	 ' ),
(	10004	, 'https://search.pstatic.net/common/?src=http%3A%2F%2Fblogfiles.naver.net%2FMjAyNDA5MjNfMjUx%2FMDAxNzI3MDQ5MTAwNTU5.7kAos1-08-Ll5x82rsXw_EMw8KnNkp_p9Ueh9MkQFVUg.6F6zKSmarirNX0D9Dg8xkmXQZNhp34qcxJAsKcqAyIIg.JPEG%2FIMG_6606.JPg' ),
(	10004	, 'https://search.pstatic.net/common/?src=http%3A%2F%2Fblogfiles.naver.net%2FMjAyNDA4MjZfMTky%2FMDAxNzI0NjM4NjA2Mjk5.Ajyt5HMl1LguNrXa2n70k-fYRI3fyyuXNaQw9eWNWKMg.rwEK10znYpjCOoiVDtCILHI92HMdIPxbNA40qHcuwD0g.JPEG%2FKakaoTalk_20240826_084851960_14.jpg' ),
(	10004	, 'https://search.pstatic.net/common/?src=http%3A%2F%2Fblogfiles.naver.net%2FMjAyNDA0MTRfMTkz%2FMDAxNzEzMDk5MDQxNTY0.0hGuGndm4JzOFriOtyWuHY6gN_jRKidLmaDh_lzcOkgg.StN2wUl9kJw87NJ4Rxn9GQYvqBsEa0OTgBmrrNF-Xpog.JPEG%2FIMG_0837.JPg' ),
(	10004	, 'https://search.pstatic.net/common/?src=http%3A%2F%2Fblogfiles.naver.net%2FMjAyNDA2MjNfMTQ4%2FMDAxNzE5MTQ4NzU1NTU1.7z-KBOMkNYi3IwXLtdL2Jdp_NcZfwcwbsk17Xz1WcQwg.0cJUtfb0fl70MN2sEMRgGSNmD2nZ2PDG_Rc6a4VvzYUg.JPEG%2FIMG_5916.jpeg' ),
(	10004	, 'https://search.pstatic.net/common/?src=https%3A%2F%2Fpup-review-phinf.pstatic.net%2FMjAyNDEwMDRfMjI5%2FMDAxNzI4MDM3NzQwMzU4.uVDwRiWicXu15RtOi_HO6zeLa-A3LQKKCq_BeR7JlZUg.vmpxY949pDGrcB_Q5qz3LmbcQg4OtUQDpwqCgi-GFBMg.JPEG%2F1000036430.jpg.jpg%3Ftype%3Dw1500_60_sharpen	 ' ),
(	10005	, 'https://search.pstatic.net/common/?src=https%3A%2F%2Fldb-phinf.pstatic.net%2F20151104_193%2F1446623572861W3C0v_JPEG%2F167054568271099_0.jpg' ),
(	10005	, 'https://search.pstatic.net/common/?src=https%3A%2F%2Fldb-phinf.pstatic.net%2F20151104_95%2F14466235729867NbEM_JPEG%2F167054568271099_1.jpg' ),
(	10005	, 'https://search.pstatic.net/common/?src=https%3A%2F%2Fldb-phinf.pstatic.net%2F20151104_29%2F1446623573103rkX4L_JPEG%2F167054568271099_2.jpg' ),
(	10005	, 'https://search.pstatic.net/common/?src=https%3A%2F%2Fpup-review-phinf.pstatic.net%2FMjAyNDA5MjlfMTQz%2FMDAxNzI3NTg4ODc5NDky.48At9RHPIA0eFojw456ilGINnT_lCn8GcQUxuRpD83Ag.45IU1GaVz2S45FG_554CRtLsmCw06S7_tl72gUWXb-Mg.JPEG%2FB35C82EE-28DB-4FD0-891E-FE3EFF3E7EA6.jpeg%3Ftype%3Dw1500_60_sharpen	 ' ),
(	10005	, 'https://search.pstatic.net/common/?src=https%3A%2F%2Fpup-review-phinf.pstatic.net%2FMjAyNDA5MzBfMTE4%2FMDAxNzI3NjYzNTYxOTA0.WBUcM5jCBIoozYoDs46kiUhLV_Ti86lykDDSVPYlQnYg.vfURC5AQfP4Rr2lcUQKuEeA9dA4JKdrkmHQYJEWYRLkg.JPEG%2F1000069695.jpg.jpg%3Ftype%3Dw1500_60_sharpen	 ' ),
(	10005	, 'https://search.pstatic.net/common/?src=http%3A%2F%2Fblogfiles.naver.net%2FMjAyNDEwMDVfMTk4%2FMDAxNzI4MDU1NzI3ODUx.-XbFJz6yuA_Wmpcy_onGCr-Nq93g8J8ymcaKOyLfbyAg.lh1NtljL9ERkFJnfEIZ-orW1EpiDzxFB8wrWRQDGLDgg.JPEG%2FKakaoTalk_20241004_232111627_15.jpg' ),
(	10005	, 'https://search.pstatic.net/common/?src=http%3A%2F%2Fblogfiles.naver.net%2FMjAyNDA3MjlfMTk0%2FMDAxNzIyMjYwODY3MzQz.bjXuY3sHPytp2voLtIikfxhP6iu5BrT0ghzzDcV3N8wg.kzwFtaibo0asVMihhtZWQnyJPI1xXLf_tozjmDkdZc0g.JPEG%2FDSC00692.JPg' ),
(	10005	, 'https://search.pstatic.net/common/?src=https%3A%2F%2Fldb-phinf.pstatic.net%2F20151104_243%2F1446623573245kNtEw_JPEG%2F167054568271099_3.jpg' ),
(	10005	, 'https://search.pstatic.net/common/?src=https%3A%2F%2Fldb-phinf.pstatic.net%2F20151104_148%2F1446623573347QrxjC_JPEG%2F167054568271099_4.jpg' ),
(	10005	, 'https://search.pstatic.net/common/?src=https%3A%2F%2Fldb-phinf.pstatic.net%2F20151104_271%2F1446623573478QS8uh_JPEG%2F167054568271099_5.jpg' ),
(	10006	, 'https://search.pstatic.net/common/?src=https%3A%2F%2Fldb-phinf.pstatic.net%2F20210529_185%2F162228863141806Fkq_JPEG%2FagPQlIJ81RUTuiy00-iaERaO.jpg' ),
(	10006	, 'https://search.pstatic.net/common/?src=https%3A%2F%2Fldb-phinf.pstatic.net%2F20210505_272%2F1620185068151oEW3o_JPEG%2FL9JhnCAcPx_VLZFwZKtIAvcp.jpg' ),
(	10006	, 'https://search.pstatic.net/common/?src=https%3A%2F%2Fldb-phinf.pstatic.net%2F20210505_6%2F1620185075389fE43B_JPEG%2F60t0C9SRt9UYWbjKeu3DNlpb.jpg' ),
(	10006	, 'https://search.pstatic.net/common/?src=https%3A%2F%2Fpup-review-phinf.pstatic.net%2FMjAyNDA2MDZfMTg1%2FMDAxNzE3NjUzNjcwMzE2.IP95s3OOEllPqKbSz9JnNJaHnTiYOLRL5jU0v2eb4rUg.XnmfhjQ3htVbKE9o4w2Nc8lZNDm1S4MB2pCPrMpfAz0g.JPEG%2FC76BB01B-1BBF-43D1-9969-4871EB991EA6.jpeg%3Ftype%3Dw1500_60_sharpen	 ' ),
(	10006	, 'https://search.pstatic.net/common/?src=https%3A%2F%2Fldb-phinf.pstatic.net%2F20210505_4%2F16201851370881Vciy_JPEG%2Fsp4TF5Q47qIWx_drLpk-ycpz.jpg' ),
(	10006	, 'https://search.pstatic.net/common/?src=https%3A%2F%2Fldb-phinf.pstatic.net%2F20210505_169%2F1620185160162EP2se_JPEG%2FFm0PHBGDwefsjbB5ZQ-9NgeJ.jpg' ),
(	10006	, 'https://search.pstatic.net/common/?src=https%3A%2F%2Fldb-phinf.pstatic.net%2F20210505_62%2F1620185182179Lhkc8_JPEG%2FU1q3zyFfIVYecPCyv6KjVpww.jpg' ),
(	10006	, 'https://search.pstatic.net/common/?src=https%3A%2F%2Fpup-review-phinf.pstatic.net%2FMjAyNDAzMDlfMjA2%2FMDAxNzA5OTgwMTMxNzYw.Mk4vMoSuzYT-XXkgrVhzhJ6bNLrDBJCQG4Ig788IBMwg.TePTL2Zx0uZn0ul_owX4aPLhBM4i44fX2XinEIry3TMg.JPEG%2FB296C1EE-7D5B-4862-9396-6E07E5F4AA7A.jpeg%3Ftype%3Dw1500_60_sharpen	 ' ),
(	10006	, 'https://search.pstatic.net/common/?src=https%3A%2F%2Fpup-review-phinf.pstatic.net%2FMjAyNDAzMDlfMjc5%2FMDAxNzA5OTgwMTMxNzA3.VUMjSLd6nOB6v95TJczZgUyw2nLeNYffK0CgfQ9QwWIg.zd9tJoue-Lof38BtbrAR50Ay2hWLDJARal7t37Bpy6Ag.JPEG%2FEB1FB8EA-BF65-4EE1-944E-B83684226A6E.jpeg%3Ftype%3Dw1500_60_sharpen	 ' ),
(	10006	, 'https://search.pstatic.net/common/?src=https%3A%2F%2Fpup-review-phinf.pstatic.net%2FMjAyNDAxMTVfMjA4%2FMDAxNzA1MjgzNDQxMzQ4.ZRD24Mbgrv6-9xg8NI8IMSm7CkcIWg8zmDLzJz5E6Qgg.Z6Ptdau0oGfbtFTao_nfY_x8kaPzZdD3Imn5WzDJcDQg.JPEG%2F81BDD2F5-86C8-4913-8706-FCE9C7384BE5.jpeg%3Ftype%3Dw1500_60_sharpen	 ' ),
(	10007	, 'https://search.pstatic.net/common/?src=https%3A%2F%2Fpup-review-phinf.pstatic.net%2FMjAyNDEwMDVfMjkz%2FMDAxNzI4MTA3NjQ5ODE0.b2m5zqUBFiupKBdsZejIK4McT_d_rcAUeIaNagc8lhUg.s11SqLH7JsH7xQiEOAxCQ4JtxX6LtSEDAO1Szh_2yMcg.JPEG%2FIMG_7239.jpeg%3Ftype%3Dw1500_60_sharpen	 ' ),
(	10007	, 'https://search.pstatic.net/common/?src=http%3A%2F%2Fblogfiles.naver.net%2FMjAyNDAzMjdfMTQg%2FMDAxNzExNTIwNjM3MDM0.yufikrrzgTNbHh2AeHACVOcIGAlg15Tlwlo39Ubkes8g.kcN4XSCWi6q8lVxzOsDxFX6Hh_IPkJk6GLOYLDGyCwsg.JPEG%2F20240324_121042.jpg' ),
(	10007	, 'https://search.pstatic.net/common/?src=http%3A%2F%2Fblogfiles.naver.net%2FMjAyNDEwMDJfOTYg%2FMDAxNzI3ODU3MjE5MTY4.QHfJk8pLJyMV1LPLKtxCeWwVNXJYM61uA6pmM7XhADsg.VcZR7mQcKepyKaioQtLGZ11AqkixhsHIUtN5QSk_l_Mg.JPEG%2FIMG_1785.JPg' ),
(	10007	, 'https://search.pstatic.net/common/?src=https%3A%2F%2Fpup-review-phinf.pstatic.net%2FMjAyNDEwMDVfMjEx%2FMDAxNzI4MTA3NjUwMzA4.L8EbdnjH3XHtqff2iSIL69lxQkEeoAJOmuhpgJ6MhFMg.UbtTVG8uCZoTFTOyIr5wGywfnuuoosZb8f3IcsKTMosg.JPEG%2FIMG_7236.jpeg%3Ftype%3Dw1500_60_sharpen	 ' ),
(	10007	, 'https://search.pstatic.net/common/?src=https%3A%2F%2Fpup-review-phinf.pstatic.net%2FMjAyNDEwMDVfMjEx%2FMDAxNzI4MTA3NjUwMzA4.L8EbdnjH3XHtqff2iSIL69lxQkEeoAJOmuhpgJ6MhFMg.UbtTVG8uCZoTFTOyIr5wGywfnuuoosZb8f3IcsKTMosg.JPEG%2FIMG_7236.jpeg%3Ftype%3Dw1500_60_sharpen	 ' ),
(	10007	, 'https://search.pstatic.net/common/?src=http%3A%2F%2Fblogfiles.naver.net%2FMjAyNDA5MDNfMTc3%2FMDAxNzI1MzIzNjgwNjky.nDF9wUZ2v6gmSUxtmm48yev9dml_Ic0GSeMt_sgLaXAg.Q3UgC185frl0X1IgAqxvz7InPCayvdbogspEB-b12SEg.JPEG%2FP20240831_142119719_2AA424E8-CF7E-40AF-B9F2-3544899A9561.jpg' ),
(	10007	, 'https://search.pstatic.net/common/?src=http%3A%2F%2Fblogfiles.naver.net%2FMjAyNDA5MDNfMTc3%2FMDAxNzI1MzIzNjgwNjky.nDF9wUZ2v6gmSUxtmm48yev9dml_Ic0GSeMt_sgLaXAg.Q3UgC185frl0X1IgAqxvz7InPCayvdbogspEB-b12SEg.JPEG%2FP20240831_142119719_2AA424E8-CF7E-40AF-B9F2-3544899A9561.jpg' ),
(	10007	, 'https://search.pstatic.net/common/?src=https%3A%2F%2Fpup-review-phinf.pstatic.net%2FMjAyNDEwMDVfNzAg%2FMDAxNzI4MTA3NjQ4NzE0.FOCHxOvHGE5UjBloVqfk5EyDtXFviVXcncm5dyAmAbIg.oxEJoJVf2xIiktV7UD6Cxg4ciBseyt_BdILcjYSfXAUg.JPEG%2FIMG_7229.jpeg%3Ftype%3Dw1500_60_sharpen	 ' ),
(	10007	, 'https://search.pstatic.net/common/?src=http%3A%2F%2Fblogfiles.naver.net%2FMjAyNDA4MjlfMzIg%2FMDAxNzI0OTE5MzY0MjM1.2U5j_WcmwpSFBX9QlO6P43YHjROkK0NoGUTz440XK80g.KpDecrtZv_03wuu-ar9Iatc-okIZgBQji-NY0msKvicg.JPEG%2FIMG_9933.JPg' ),
(	10007	, 'https://search.pstatic.net/common/?src=https%3A%2F%2Fpup-review-phinf.pstatic.net%2FMjAyNDEwMDVfMTY3%2FMDAxNzI4MTA3NjQwMTE4.Y9rIIk4UN-a3kgN5DovmnfvuUPFr4qALedv0WDK9cgkg.x9xbXSfrJGjgBp5-ZjzHPc_283XYp7Fd9CyYl4gWp6Mg.JPEG%2FIMG_7217.jpeg%3Ftype%3Dw1500_60_sharpen	 ' ),
(	10008	, 'https://search.pstatic.net/common/?src=https%3A%2F%2Fldb-phinf.pstatic.net%2F20150825_105%2F14404798210880OSn2_JPEG%2F166775544677912_3.jpg' ),
(	10008	, 'https://search.pstatic.net/common/?src=https%3A%2F%2Fldb-phinf.pstatic.net%2F20150825_226%2F1440479819866W1MWf_JPEG%2F166775544677912_0.jpg' ),
(	10008	, 'https://search.pstatic.net/common/?src=https%3A%2F%2Fldb-phinf.pstatic.net%2F20150825_167%2F14404798202401MMNV_JPEG%2F166775544677912_1.jpg' ),
(	10008	, 'https://search.pstatic.net/common/?src=https%3A%2F%2Fldb-phinf.pstatic.net%2F20150825_167%2F14404798202401MMNV_JPEG%2F166775544677912_1.jpg' ),
(	10008	, 'https://search.pstatic.net/common/?src=https%3A%2F%2Fpup-review-phinf.pstatic.net%2FMjAyNDEwMDVfMTI2%2FMDAxNzI4MDk5MDIzMTY0.X1ySepwDEZLRiONUqy2kXZT2xPMadqpi3WjYKIoUfTgg.rajzXp3KzVNR8W4iOfb_oe05RRGVkQWnXU6KyGDflhsg.JPEG%2F1000032992.jpg.jpg%3Ftype%3Dw1500_60_sharpen	 ' ),
(	10008	, 'https://search.pstatic.net/common/?src=http%3A%2F%2Fblogfiles.naver.net%2FMjAyNDA5MTdfMTE0%2FMDAxNzI2NTc5NDMzOTU1.foWj8Z94ca1FqpnvES1C763xG2sujocF6z7TOhz1P-Eg.xKw0TBsSNeT9MdN3ezuwNv8mHXwP0i6MqmKEe2fB4Xsg.JPEG%2FIMG_9178.jpg' ),
(	10008	, 'https://search.pstatic.net/common/?src=http%3A%2F%2Fblogfiles.naver.net%2FMjAyNDA5MTdfMTE0%2FMDAxNzI2NTc5NDMzOTU1.foWj8Z94ca1FqpnvES1C763xG2sujocF6z7TOhz1P-Eg.xKw0TBsSNeT9MdN3ezuwNv8mHXwP0i6MqmKEe2fB4Xsg.JPEG%2FIMG_9178.jpg' ),
(	10008	, 'https://search.pstatic.net/common/?src=http%3A%2F%2Fblogfiles.naver.net%2FMjAyNDA5MTdfMTE0%2FMDAxNzI2NTc5NDMzOTU1.foWj8Z94ca1FqpnvES1C763xG2sujocF6z7TOhz1P-Eg.xKw0TBsSNeT9MdN3ezuwNv8mHXwP0i6MqmKEe2fB4Xsg.JPEG%2FIMG_9178.jpg' ),
(	10008	, 'https://search.pstatic.net/common/?src=http%3A%2F%2Fblogfiles.naver.net%2FMjAyNDA5MTdfMTE0%2FMDAxNzI2NTc5NDMzOTU1.foWj8Z94ca1FqpnvES1C763xG2sujocF6z7TOhz1P-Eg.xKw0TBsSNeT9MdN3ezuwNv8mHXwP0i6MqmKEe2fB4Xsg.JPEG%2FIMG_9178.jpg' ),
(	10008	, 'https://search.pstatic.net/common/?src=http%3A%2F%2Fblogfiles.naver.net%2FMjAyNDA5MTdfMTE0%2FMDAxNzI2NTc5NDMzOTU1.foWj8Z94ca1FqpnvES1C763xG2sujocF6z7TOhz1P-Eg.xKw0TBsSNeT9MdN3ezuwNv8mHXwP0i6MqmKEe2fB4Xsg.JPEG%2FIMG_9178.jpg' ),
(	10009	, 'https://search.pstatic.net/common/?src=https%3A%2F%2Fldb-phinf.pstatic.net%2F20210518_97%2F1621345329948wAxNe_JPEG%2Fovb0027RsodZhpW86cZqwjc1.jpg' ),
(	10009	, 'https://search.pstatic.net/common/?src=https%3A%2F%2Fldb-phinf.pstatic.net%2F20210518_97%2F1621345329948wAxNe_JPEG%2Fovb0027RsodZhpW86cZqwjc1.jpg' ),
(	10009	, 'https://search.pstatic.net/common/?src=https%3A%2F%2Fldb-phinf.pstatic.net%2F20210519_79%2F1621383469463y7s04_JPEG%2Fz7jmNVfejHoh_pX1dzTLyTmh.jpg' ),
(	10009	, 'https://search.pstatic.net/common/?src=https%3A%2F%2Fldb-phinf.pstatic.net%2F20210519_79%2F1621383469463y7s04_JPEG%2Fz7jmNVfejHoh_pX1dzTLyTmh.jpg' ),
(	10009	, 'https://search.pstatic.net/common/?src=https%3A%2F%2Fldb-phinf.pstatic.net%2F20210519_79%2F1621383469463y7s04_JPEG%2Fz7jmNVfejHoh_pX1dzTLyTmh.jpg' ),
(	10009	, 'https://search.pstatic.net/common/?src=https%3A%2F%2Fldb-phinf.pstatic.net%2F20210519_79%2F1621383469463y7s04_JPEG%2Fz7jmNVfejHoh_pX1dzTLyTmh.jpg' ),
(	10009	, 'https://search.pstatic.net/common/?src=https%3A%2F%2Fldb-phinf.pstatic.net%2F20210519_79%2F1621383469463y7s04_JPEG%2Fz7jmNVfejHoh_pX1dzTLyTmh.jpg' ),
(	10009	, 'https://search.pstatic.net/common/?src=https%3A%2F%2Fldb-phinf.pstatic.net%2F20210519_79%2F1621383469463y7s04_JPEG%2Fz7jmNVfejHoh_pX1dzTLyTmh.jpg' ),
(	10009	, 'https://search.pstatic.net/common/?src=https%3A%2F%2Fldb-phinf.pstatic.net%2F20210518_4%2F16213453873203Jku8_JPEG%2ForbbLwtGVMYH92cxmbvowGg_.jpg' ),
(	10009	, 'https://search.pstatic.net/common/?src=https%3A%2F%2Fldb-phinf.pstatic.net%2F20210518_4%2F16213453873203Jku8_JPEG%2ForbbLwtGVMYH92cxmbvowGg_.jpg' ),
(	10010	, 'https://search.pstatic.net/common/?src=https%3A%2F%2Fldb-phinf.pstatic.net%2F20230929_235%2F16959950184390CSxF_JPEG%2FIMG_8251.jpeg' ),
(	10010	, 'https://search.pstatic.net/common/?src=https%3A%2F%2Fpup-review-phinf.pstatic.net%2FMjAyNDEwMDVfMTIg%2FMDAxNzI4MTI5MTE0NjYx.4FaQWxyMOuXFqFhsFYstb2s48oT5fLg0U-PWFVH4twog._2-14auVzb4ztXWbSedHOG_DR_0El6fpxAdO8YkpwpMg.JPEG%2F1000029257.jpg.jpg%3Ftype%3Dw1500_60_sharpen	 ' ),
(	10010	, 'https://search.pstatic.net/common/?src=https%3A%2F%2Fpup-review-phinf.pstatic.net%2FMjAyNDEwMDVfMTIg%2FMDAxNzI4MTI5MTE0NjYx.4FaQWxyMOuXFqFhsFYstb2s48oT5fLg0U-PWFVH4twog._2-14auVzb4ztXWbSedHOG_DR_0El6fpxAdO8YkpwpMg.JPEG%2F1000029257.jpg.jpg%3Ftype%3Dw1500_60_sharpen	 ' ),
(	10010	, 'https://search.pstatic.net/common/?src=http%3A%2F%2Fblogfiles.naver.net%2FMjAyNDA5MDVfMjEy%2FMDAxNzI1NTAxNTc0NDUw.fRF_bpHsv2IM9SpeVQYUxFJyMeOSpDRGWrwgPbDp_3wg.I42-rJTD4q07UogH1HC-nHPfd4JvA8sfYrh0D4uaV9gg.JPEG%2FKakaoTalk_20240903_204956544_05.jpg' ),
(	10010	, 'https://search.pstatic.net/common/?src=http%3A%2F%2Fblogfiles.naver.net%2FMjAyNDA5MDVfMjEy%2FMDAxNzI1NTAxNTc0NDUw.fRF_bpHsv2IM9SpeVQYUxFJyMeOSpDRGWrwgPbDp_3wg.I42-rJTD4q07UogH1HC-nHPfd4JvA8sfYrh0D4uaV9gg.JPEG%2FKakaoTalk_20240903_204956544_05.jpg' ),
(	10010	, 'https://search.pstatic.net/common/?src=http%3A%2F%2Fblogfiles.naver.net%2FMjAyNDA5MDVfMjEy%2FMDAxNzI1NTAxNTc0NDUw.fRF_bpHsv2IM9SpeVQYUxFJyMeOSpDRGWrwgPbDp_3wg.I42-rJTD4q07UogH1HC-nHPfd4JvA8sfYrh0D4uaV9gg.JPEG%2FKakaoTalk_20240903_204956544_05.jpg' ),
(	10010	, 'https://search.pstatic.net/common/?src=http%3A%2F%2Fblogfiles.naver.net%2FMjAyNDA5MDVfMjEy%2FMDAxNzI1NTAxNTc0NDUw.fRF_bpHsv2IM9SpeVQYUxFJyMeOSpDRGWrwgPbDp_3wg.I42-rJTD4q07UogH1HC-nHPfd4JvA8sfYrh0D4uaV9gg.JPEG%2FKakaoTalk_20240903_204956544_05.jpg' ),
(	10010	, 'https://search.pstatic.net/common/?src=http%3A%2F%2Fblogfiles.naver.net%2FMjAyNDA5MDVfMjEy%2FMDAxNzI1NTAxNTc0NDUw.fRF_bpHsv2IM9SpeVQYUxFJyMeOSpDRGWrwgPbDp_3wg.I42-rJTD4q07UogH1HC-nHPfd4JvA8sfYrh0D4uaV9gg.JPEG%2FKakaoTalk_20240903_204956544_05.jpg' ),
(	10010	, 'https://search.pstatic.net/common/?src=https%3A%2F%2Fpup-review-phinf.pstatic.net%2FMjAyNDA5MDZfNzUg%2FMDAxNzI1NjI4OTA5NzE4.uzYj2oPz8AlBqeODiG7arOs1b_ZmG2jUp4NeRGcShqgg.o-jB1OlC5MpVU_kcsxaijJRzR05zOd9mt6Tu4p5ivR8g.JPEG%2F14AD9B91-8E81-4968-A477-A9890E09E86B.jpeg%3Ftype%3Dw1500_60_sharpen	 ' ),
(	10010	, 'https://search.pstatic.net/common/?src=http%3A%2F%2Fblogfiles.naver.net%2FMjAyNDA3MjVfMzEg%2FMDAxNzIxOTE1MjY4NDcw.UtWw6ApLzIJW7aTEQC-gEybMpmK0SNBC0zfVzQ4a3Xwg.PH0chk1DEMNCbP5XExFAfqi0MYtPccXz_JCDStKfdpcg.JPEG%2F20240724_195427.jpg' ),
(	10011	, 'https://search.pstatic.net/common/?src=https%3A%2F%2Fldb-phinf.pstatic.net%2F20200327_247%2F15853054857581fzQP_JPEG%2FvK4eUSdvAT-AQRxmrqWf9Aa6.jpg' ),
(	10011	, 'https://search.pstatic.net/common/?src=http%3A%2F%2Fblogfiles.naver.net%2FMjAyNDA1MDNfMTkw%2FMDAxNzE0NjcwOTkxNzYy.6fGHVF7oeYGVD2fixU5-7tGv7CjwPAo8aQ3bAk1Wqjsg.MpYluB718aeHqXDn90EthA7lUejRprnFMF5bYNNhU9cg.JPEG%2FIMG_8146.jpeg' ),
(	10011	, 'https://search.pstatic.net/common/?src=http%3A%2F%2Fblogfiles.naver.net%2FMjAyNDA5MTlfMjQx%2FMDAxNzI2NzQ1NDQyODc3.niSStzBMMKccGKyebHXWG7LiUlqdiobfwDuRM4rReMIg.MD6cdjW1lt-4uFf50IV8ggPF8XFlWf4ZKHqhUaYB47Ig.JPEG%2FKakaoTalk_20240919_193057974_09.jpg' ),
(	10011	, 'https://search.pstatic.net/common/?src=http%3A%2F%2Fblogfiles.naver.net%2FMjAyNDA5MTVfMjg0%2FMDAxNzI2MzMzMDc3ODk3.79g74oZNTqu7XoVFXIxNQuVJHsQu0CXqhwyviZ3TLh8g.-FVUNuXKOTaQTJdLrxFlQX7-APol7nAT8Mk4N2bFYnYg.JPEG%2F20240911_184548.jpg' ),
(	10011	, 'https://search.pstatic.net/common/?src=http%3A%2F%2Fblogfiles.naver.net%2FMjAyNDA2MzBfMjgw%2FMDAxNzE5Njg0MDEyMzk4.REfaiwCCrK4xqfPVryEmKt005ajAqy4bqDD0IDrJcdcg.S1qiuJa-5GIc2sNAtTFvbMx2QQZWe46sv8YnHUyj1SQg.JPEG%2FIMG_3250.jpg' ),
(	10011	, 'https://search.pstatic.net/common/?src=http%3A%2F%2Fblogfiles.naver.net%2FMjAyNDEwMDNfMjg1%2FMDAxNzI3OTE4NjA1ODk2.RRwJOfENSQotm7iycbCwL8aP-ExjDyo96wA7Eq0S-ogg.fPVwySI4EeBCzm4m3vYZIcS3sZ-DsKEptQaOazB_b60g.JPEG%2FIMG_7833.jpg' ),
(	10011	, 'https://search.pstatic.net/common/?src=http%3A%2F%2Fblogfiles.naver.net%2FMjAyNDA1MTlfMTUy%2FMDAxNzE2MDk3Mzk3MDEz.p2MfMK--9SjcQ3ZXQozpX7UQArs4PZyAsg2AtXY7PUQg.5_bRoUdXOTRM1MQlxGLbxeXblRhlk4gTB1rBTKOmDgUg.JPEG%2FIMG_0850.jpg' ),
(	10011	, 'https://search.pstatic.net/common/?src=http%3A%2F%2Fblogfiles.naver.net%2FMjAyNDA5MTRfMTc5%2FMDAxNzI2MzIwMDg3ODQ5.mKRbzGb8wuLKKZQPJErnYtfowd3hI4o0tPdit_HJIa4g.OFHzrdsbbtQjC2jPMf32eK0cfoMdqu_aDn_bmSswG1Eg.JPEG%2FIMG_5232.jpg' ),
(	10011	, 'https://search.pstatic.net/common/?src=http%3A%2F%2Fblogfiles.naver.net%2FMjAyNDA5MTRfMTc5%2FMDAxNzI2MzIwMDg3ODQ5.mKRbzGb8wuLKKZQPJErnYtfowd3hI4o0tPdit_HJIa4g.OFHzrdsbbtQjC2jPMf32eK0cfoMdqu_aDn_bmSswG1Eg.JPEG%2FIMG_5232.jpg' ),
(	10011	, 'https://search.pstatic.net/common/?src=http%3A%2F%2Fblogfiles.naver.net%2FMjAyNDA5MTRfMTc5%2FMDAxNzI2MzIwMDg3ODQ5.mKRbzGb8wuLKKZQPJErnYtfowd3hI4o0tPdit_HJIa4g.OFHzrdsbbtQjC2jPMf32eK0cfoMdqu_aDn_bmSswG1Eg.JPEG%2FIMG_5232.jpg' ),
(	10012	, 'https://www.mukbangmap.com/_next/image?url=https%3A%2F%2Fi3.ytimg.com%2Fvi%2Fhw6xu-nRFLw%2Fmqdefault.jpg&w=640&q=75	 ' ),
(	10012	, 'https://search.pstatic.net/common/?src=https%3A%2F%2Fpup-review-phinf.pstatic.net%2FMjAyNDA0MThfMzUg%2FMDAxNzEzNDAzNzg1OTYy.Si7AMDL2TidDF6NAyrkLTXOuajutyCGa1__0zLtS0hog.K0fGtmysSh2XVNWVeVWKiBZHOsfQYrGYxB5Y3KTAXq4g.JPEG%2FScreenshot_20240418_102157_Instagram.jpg.jpg%3Ftype%3Dw1500_60_sharpen	 ' ),
(	10012	, 'https://search.pstatic.net/common/?src=https%3A%2F%2Fpup-review-phinf.pstatic.net%2FMjAyNDAzMTdfNjcg%2FMDAxNzEwNjU2NDA3Mjk0.oaKQlTAxJBsNx5VeS0QQbsm13W6D6UDG1axPfhLfIK8g.MNQ5LEQoSxdA6EF4LAirYEZRqqtnXmWAkGGjk5b0jYQg.JPEG%2FDC3785A8-6586-45C8-9C72-5E1EE5EC693D.jpeg%3Ftype%3Dw1500_60_sharpen	 ' ),
(	10012	, 'https://search.pstatic.net/common/?src=https%3A%2F%2Fpup-review-phinf.pstatic.net%2FMjAyNDAzMDJfNjUg%2FMDAxNzA5MzUxMzEwMzA3.tENjKFMoPEs_DZSYYQfj2L5QUZMzL4e2OC6Zzg9lTqgg.ObtBamu2AEO0nhPyAp5ut2M-r2PRcoy9nPj5XWKUacwg.JPEG%2FFB9A8229-EC65-4495-9BB0-DE190AAC509E.jpeg%3Ftype%3Dw1500_60_sharpen	 ' ),
(	10012	, 'https://search.pstatic.net/common/?src=http%3A%2F%2Fblogfiles.naver.net%2FMjAyNDAyMTZfMjYx%2FMDAxNzA4MDU5MDY2OTM4.eRKSOWrvApyxvIKj1iJjB_Lg0D6EoMmH1OIy5C4Zjtog.NDq9_LQ6lFjqWt4K_zIjAL4xJv0E6r6BEZdCp3zMOmgg.JPEG.iiialll%2FIMG_9981.jpg' ),
(	10012	, 'https://search.pstatic.net/common/?src=http%3A%2F%2Fblogfiles.naver.net%2FMjAyNDAyMTZfMzUg%2FMDAxNzA4MDE5MTE3Mzk4.vcQy3RfISn91G0Bu02HqihL9guX-55lmGIaUa3P79OMg.ZaHnXrJQgPCEtzIOzIKFj0hMkZGgSWcgNZQFadKE1jIg.JPEG.govlznfls%2F20240131%25A3%25DF161155.jpg' ),
(	10012	, 'https://search.pstatic.net/common/?src=http%3A%2F%2Fblogfiles.naver.net%2FMjAyNDAyMTZfMzUg%2FMDAxNzA4MDE5MTE3Mzk4.vcQy3RfISn91G0Bu02HqihL9guX-55lmGIaUa3P79OMg.ZaHnXrJQgPCEtzIOzIKFj0hMkZGgSWcgNZQFadKE1jIg.JPEG.govlznfls%2F20240131%25A3%25DF161155.jpg' ),
(	10012	, 'https://search.pstatic.net/common/?src=https%3A%2F%2Fpup-review-phinf.pstatic.net%2FMjAyMzExMTlfMjYy%2FMDAxNzAwMzUwOTI1NTE5.ysyreBKiM9KIm0DKoZ5m9c_LsokETAo4P9EcGpAV6BYg.lrjBsjDrN2h8395MCcXUC-cMzgufuSEgYEg4SbDVnjAg.JPEG%2F20231118_173640.jpg%3Ftype%3Dw1500_60_sharpen	 ' ),
(	10012	, 'https://search.pstatic.net/common/?src=https%3A%2F%2Fpup-review-phinf.pstatic.net%2FMjAyMzExMTlfMjYy%2FMDAxNzAwMzUwOTI1NTE5.ysyreBKiM9KIm0DKoZ5m9c_LsokETAo4P9EcGpAV6BYg.lrjBsjDrN2h8395MCcXUC-cMzgufuSEgYEg4SbDVnjAg.JPEG%2F20231118_173640.jpg%3Ftype%3Dw1500_60_sharpen	 ' ),
(	10012	, 'https://search.pstatic.net/common/?src=https%3A%2F%2Fpup-review-phinf.pstatic.net%2FMjAyMzExMTlfMjYy%2FMDAxNzAwMzUwOTI1NTE5.ysyreBKiM9KIm0DKoZ5m9c_LsokETAo4P9EcGpAV6BYg.lrjBsjDrN2h8395MCcXUC-cMzgufuSEgYEg4SbDVnjAg.JPEG%2F20231118_173640.jpg%3Ftype%3Dw1500_60_sharpen	 ' ),
(	10013	, 'https://www.mukbangmap.com/_next/image?url=https%3A%2F%2Fi3.ytimg.com%2Fvi%2Fb_7XO-fE3HQ%2Fmqdefault.jpg&w=640&q=75	 ' ),
(	10013	, 'https://search.pstatic.net/common/?src=https%3A%2F%2Fpup-review-phinf.pstatic.net%2FMjAyNDA4MjNfMjU4%2FMDAxNzI0MzkzMzIzNTU5.vmstgqjSdUUyC1-8bBeUp8dwIiPdjiihP49g2ECspPsg.BNY9VNYUxM4IENObU64CK-aSdrUjR6uEwJakf0l0oFEg.JPEG%2F1000017663.jpg.jpg%3Ftype%3Dw1500_60_sharpen	 ' ),
(	10013	, 'https://search.pstatic.net/common/?src=https%3A%2F%2Fpup-review-phinf.pstatic.net%2FMjAyNDA4MjNfMjU4%2FMDAxNzI0MzkzMzIzNTU5.vmstgqjSdUUyC1-8bBeUp8dwIiPdjiihP49g2ECspPsg.BNY9VNYUxM4IENObU64CK-aSdrUjR6uEwJakf0l0oFEg.JPEG%2F1000017663.jpg.jpg%3Ftype%3Dw1500_60_sharpen	 ' ),
(	10013	, 'https://search.pstatic.net/common/?src=https%3A%2F%2Fpup-review-phinf.pstatic.net%2FMjAyNDA4MjNfMjU4%2FMDAxNzI0MzkzMzIzNTU5.vmstgqjSdUUyC1-8bBeUp8dwIiPdjiihP49g2ECspPsg.BNY9VNYUxM4IENObU64CK-aSdrUjR6uEwJakf0l0oFEg.JPEG%2F1000017663.jpg.jpg%3Ftype%3Dw1500_60_sharpen	 ' ),
(	10013	, 'https://search.pstatic.net/common/?src=https%3A%2F%2Fpup-review-phinf.pstatic.net%2FMjAyNDA4MTRfMjQx%2FMDAxNzIzNjEyMzQ0NDQ3.4dy9-EG7aT5TQ1Z4WpUSjP5rfL1z46FNZXt9MxAZfd0g.-ZmaX5Tkish6Hl86i3wIy_yScjLDh160BovBfeDLGskg.JPEG%2F1000016121.jpg.jpg%3Ftype%3Dw1500_60_sharpen	 ' ),
(	10013	, 'https://search.pstatic.net/common/?src=https%3A%2F%2Fpup-review-phinf.pstatic.net%2FMjAyNDA4MDRfMTA2%2FMDAxNzIyNzY3MTMxNDU3.UVBfO7t730nCFaq3rf73HLc5kj5b5297uJa-aXY5LwEg.skzaQWhAkiH9iuGBEkxipO4Wsc_0de1ztpdKain0-OMg.JPEG%2F20240803_131244.heic.jpg%3Ftype%3Dw1500_60_sharpen	 ' ),
(	10013	, 'https://search.pstatic.net/common/?src=http%3A%2F%2Fimage.nmv.naver.net%2Fblog_2024_08_07_2182%2FNdvckbTRmq_01.jpg' ),
(	10013	, 'https://search.pstatic.net/common/?src=http%3A%2F%2Fimage.nmv.naver.net%2Fblog_2024_08_07_2182%2FNdvckbTRmq_01.jpg' ),
(	10013	, 'https://search.pstatic.net/common/?src=https%3A%2F%2Fpup-review-phinf.pstatic.net%2FMjAyNDA4MDRfMjg5%2FMDAxNzIyNzY3MTMwODEx.ccYnQO7Kf5N_BirIaXP4gPDpagkpD9NY_khJTUzN73Ug.cpaiVbkCEXSwm_7T-AMVPDThn1-OaDigHhHBaxFK23Eg.JPEG%2F20240803_131858.heic.jpg%3Ftype%3Dw1500_60_sharpen	 ' ),
(	10013	, 'https://search.pstatic.net/common/?src=http%3A%2F%2Fblogfiles.naver.net%2FMjAyNDAzMTJfMTY4%2FMDAxNzEwMjA3MjkxMTQx.GU6UBOQNjDaZIxnIKFH6WR8tQ2KDIZd0ZePat_HSC5Ug.QCLmQvi4Vy3CjWRqTkr0DF7bN0rTweGd1M59YK9Xf7Ag.JPEG%2FKakaoTalk_20240310_181642341.jpg' ),
(	10014	, 'https://search.pstatic.net/common/?src=https%3A%2F%2Fldb-phinf.pstatic.net%2F20190108_249%2F1546936254835RMfUh_JPEG%2FefvbkrW7WGbS1t8XgfoRiiYC.jpg' ),
(	10014	, 'https://search.pstatic.net/common/?src=http%3A%2F%2Fblogfiles.naver.net%2FMjAyNDA5MDhfNjUg%2FMDAxNzI1Nzg0Mjg4NTkx.g3PdTLTRaH1RCAY6SsRaOdqP8oCo5mzQmomMCOsxvJgg.ibaLGWpok59AMsND9NmuAa1xi48KW3NQAnianZ6OCp8g.JPEG%2F20240908%25A3%25DF161817.jpg' ),
(	10014	, 'https://search.pstatic.net/common/?src=http%3A%2F%2Fblogfiles.naver.net%2FMjAyNDA5MDhfNjUg%2FMDAxNzI1Nzg0Mjg4NTkx.g3PdTLTRaH1RCAY6SsRaOdqP8oCo5mzQmomMCOsxvJgg.ibaLGWpok59AMsND9NmuAa1xi48KW3NQAnianZ6OCp8g.JPEG%2F20240908%25A3%25DF161817.jpg' ),
(	10014	, 'https://search.pstatic.net/common/?src=http%3A%2F%2Fblogfiles.naver.net%2FMjAyNDA1MDNfMjM1%2FMDAxNzE0NzA3MDE2NzM0.5Vo4ngF00MVvo4ssjShpulVRYWZUHQJpvphe2wqTxTQg.I8AVmasllYcH8U7NmfRrTI4FmtqF5DGfFI3d6OENiUAg.JPEG%2FIMG_4169.jpg' ),
(	10014	, 'https://search.pstatic.net/common/?src=http%3A%2F%2Fblogfiles.naver.net%2FMjAyNDA1MDNfMjM1%2FMDAxNzE0NzA3MDE2NzM0.5Vo4ngF00MVvo4ssjShpulVRYWZUHQJpvphe2wqTxTQg.I8AVmasllYcH8U7NmfRrTI4FmtqF5DGfFI3d6OENiUAg.JPEG%2FIMG_4169.jpg' ),
(	10014	, 'https://search.pstatic.net/common/?src=http%3A%2F%2Fblogfiles.naver.net%2FMjAyNDA1MDNfMjM1%2FMDAxNzE0NzA3MDE2NzM0.5Vo4ngF00MVvo4ssjShpulVRYWZUHQJpvphe2wqTxTQg.I8AVmasllYcH8U7NmfRrTI4FmtqF5DGfFI3d6OENiUAg.JPEG%2FIMG_4169.jpg' ),
(	10014	, 'https://search.pstatic.net/common/?src=http%3A%2F%2Fblogfiles.naver.net%2FMjAyNDA1MDNfMjM1%2FMDAxNzE0NzA3MDE2NzM0.5Vo4ngF00MVvo4ssjShpulVRYWZUHQJpvphe2wqTxTQg.I8AVmasllYcH8U7NmfRrTI4FmtqF5DGfFI3d6OENiUAg.JPEG%2FIMG_4169.jpg' ),
(	10014	, 'https://search.pstatic.net/common/?src=http%3A%2F%2Fblogfiles.naver.net%2FMjAyNDA2MjhfMjYy%2FMDAxNzE5NTcwMTI4NzA3.gO0kB2FC07WfpiTs0mI3j7g0A4x0Bg2A6KnSR0yIZTUg.Z1nXng-nhgSALlfMLUbdwD3nbL0ZtJdmlo5AHnzz-zsg.JPEG%2F1719569503907.jpg' ),
(	10014	, 'https://search.pstatic.net/common/?src=http%3A%2F%2Fblogfiles.naver.net%2FMjAyNDA3MDFfMjQy%2FMDAxNzE5ODM4OTA2NTcw.olPT2AkPoxQU9m61fXtY9s_nyCWl4aPMHllCGTHsUUMg.O5W9oMcLj4AMsz1Iww_WKtaKZqKHcWom4xNQ4cOaPBwg.JPEG%2F20240629%25A3%25DF205136.jpg' ),
(	10014	, 'https://search.pstatic.net/common/?src=http%3A%2F%2Fblogfiles.naver.net%2FMjAyNDA3MDFfMjQy%2FMDAxNzE5ODM4OTA2NTcw.olPT2AkPoxQU9m61fXtY9s_nyCWl4aPMHllCGTHsUUMg.O5W9oMcLj4AMsz1Iww_WKtaKZqKHcWom4xNQ4cOaPBwg.JPEG%2F20240629%25A3%25DF205136.jpg' ),
(	10015	, 'https://search.pstatic.net/common/?src=https%3A%2F%2Fpup-review-phinf.pstatic.net%2FMjAyNDEwMDJfMzYg%2FMDAxNzI3ODUwNzcxMDg1.Hz58fbTvWvxgglKOj3rR4gB8s7GfqVic8tH6O7aWEQIg.cFmUkoxLqdSQr2lzVE-xSyraOU-c_A1GGPwiKeg9iuwg.JPEG%2F1000039844.jpg.jpg%3Ftype%3Dw1500_60_sharpen	 ' ),
(	10015	, 'https://search.pstatic.net/common/?src=https%3A%2F%2Fpup-review-phinf.pstatic.net%2FMjAyNDEwMDJfMzYg%2FMDAxNzI3ODUwNzcxMDg1.Hz58fbTvWvxgglKOj3rR4gB8s7GfqVic8tH6O7aWEQIg.cFmUkoxLqdSQr2lzVE-xSyraOU-c_A1GGPwiKeg9iuwg.JPEG%2F1000039844.jpg.jpg%3Ftype%3Dw1500_60_sharpen	 ' ),
(	10015	, 'https://search.pstatic.net/common/?src=http%3A%2F%2Fblogfiles.naver.net%2FMjAyNDEwMDFfNTAg%2FMDAxNzI3NzYyNzE4NDQx.adOkRdZkg474lD1ElrEMed54He_fFCTV9CLHsgXGyPEg.WHhQYEbWGjfSBEypTq1Zw9opfE1EDq6E3xODDw8jic0g.JPEG%2FIMG_6814.jpg' ),
(	10015	, 'https://search.pstatic.net/common/?src=http%3A%2F%2Fblogfiles.naver.net%2FMjAyNDEwMDFfNTAg%2FMDAxNzI3NzYyNzE4NDQx.adOkRdZkg474lD1ElrEMed54He_fFCTV9CLHsgXGyPEg.WHhQYEbWGjfSBEypTq1Zw9opfE1EDq6E3xODDw8jic0g.JPEG%2FIMG_6814.jpg' ),
(	10015	, 'https://search.pstatic.net/common/?src=http%3A%2F%2Fblogfiles.naver.net%2FMjAyNDEwMDFfNTAg%2FMDAxNzI3NzYyNzE4NDQx.adOkRdZkg474lD1ElrEMed54He_fFCTV9CLHsgXGyPEg.WHhQYEbWGjfSBEypTq1Zw9opfE1EDq6E3xODDw8jic0g.JPEG%2FIMG_6814.jpg' ),
(	10015	, 'https://search.pstatic.net/common/?src=http%3A%2F%2Fblogfiles.naver.net%2FMjAyNDEwMDFfNTAg%2FMDAxNzI3NzYyNzE4NDQx.adOkRdZkg474lD1ElrEMed54He_fFCTV9CLHsgXGyPEg.WHhQYEbWGjfSBEypTq1Zw9opfE1EDq6E3xODDw8jic0g.JPEG%2FIMG_6814.jpg' ),
(	10015	, 'https://search.pstatic.net/common/?src=https%3A%2F%2Fpup-review-phinf.pstatic.net%2FMjAyNDA5MDhfMjY0%2FMDAxNzI1NzYwMzM5Mjgx.F80ao16wsNJTRFRUja8srwpaHbUJu-sCq8lIVM3fLU4g.MQ2ab0eSW33oeiX_LWMc5wkE7riaEcIQ0ciy4_q8G6Eg.JPEG%2F1000020539.jpg.jpg%3Ftype%3Dw1500_60_sharpen	 ' ),
(	10015	, 'https://search.pstatic.net/common/?src=https%3A%2F%2Fpup-review-phinf.pstatic.net%2FMjAyNDA5MDhfMjY0%2FMDAxNzI1NzYwMzM5Mjgx.F80ao16wsNJTRFRUja8srwpaHbUJu-sCq8lIVM3fLU4g.MQ2ab0eSW33oeiX_LWMc5wkE7riaEcIQ0ciy4_q8G6Eg.JPEG%2F1000020539.jpg.jpg%3Ftype%3Dw1500_60_sharpen	 ' ),
(	10015	, 'https://search.pstatic.net/common/?src=https%3A%2F%2Fpup-review-phinf.pstatic.net%2FMjAyNDA5MDhfMjY0%2FMDAxNzI1NzYwMzM5Mjgx.F80ao16wsNJTRFRUja8srwpaHbUJu-sCq8lIVM3fLU4g.MQ2ab0eSW33oeiX_LWMc5wkE7riaEcIQ0ciy4_q8G6Eg.JPEG%2F1000020539.jpg.jpg%3Ftype%3Dw1500_60_sharpen	 ' ),
(	10015	, 'https://search.pstatic.net/common/?src=https%3A%2F%2Fpup-review-phinf.pstatic.net%2FMjAyNDA5MDhfMjY0%2FMDAxNzI1NzYwMzM5Mjgx.F80ao16wsNJTRFRUja8srwpaHbUJu-sCq8lIVM3fLU4g.MQ2ab0eSW33oeiX_LWMc5wkE7riaEcIQ0ciy4_q8G6Eg.JPEG%2F1000020539.jpg.jpg%3Ftype%3Dw1500_60_sharpen	 ' ),
(	10016	, 'https://www.mukbangmap.com/_next/image?url=https%3A%2F%2Fi3.ytimg.com%2Fvi%2F654d-BlJKPc%2Fmqdefault.jpg&w=640&q=75	 ' ),
(	10016	, 'https://search.pstatic.net/common/?src=https%3A%2F%2Fldb-phinf.pstatic.net%2F20231101_1%2F1698804826359wXCp2_JPEG%2F0_3g6Ud018svc8q8ojix8f15k_1y6639.jpeg' ),
(	10016	, 'https://search.pstatic.net/common/?src=https%3A%2F%2Fpup-review-phinf.pstatic.net%2FMjAyNDA5MzBfMjAg%2FMDAxNzI3NjU3NDI5MDAz.FCYqY8bUqKTIWsAuAMU-BE7QgcBUNukFHLYyepuVyHkg.ZT6NjND5WGIyulnrvPuDcFJcdFTKFOVHOYhbjgeUPIMg.JPEG%2FBE2F0266-682B-43B2-82A6-6C988DC0CC0E.jpeg%3Ftype%3Dw1500_60_sharpen	 ' ),
(	10016	, 'https://search.pstatic.net/common/?src=https%3A%2F%2Fpup-review-phinf.pstatic.net%2FMjAyNDA5MzBfMjAg%2FMDAxNzI3NjU3NDI5MDAz.FCYqY8bUqKTIWsAuAMU-BE7QgcBUNukFHLYyepuVyHkg.ZT6NjND5WGIyulnrvPuDcFJcdFTKFOVHOYhbjgeUPIMg.JPEG%2FBE2F0266-682B-43B2-82A6-6C988DC0CC0E.jpeg%3Ftype%3Dw1500_60_sharpen	 ' ),
(	10016	, 'https://search.pstatic.net/common/?src=http%3A%2F%2Fblogfiles.naver.net%2FMjAyNDA4MzFfMzIg%2FMDAxNzI1MDc4NDU2OTcy.vNg7foToqyzkXD5La5Ud5SsbeDFHFxucYunz2LIDsRkg.BRpZb8P2yoR83v_OAsTKH4wCEUWyvn67cqSbPjJyAtwg.JPEG%2F20240730_125014.jpg' ),
(	10016	, 'https://search.pstatic.net/common/?src=http%3A%2F%2Fblogfiles.naver.net%2FMjAyNDA4MzFfMzIg%2FMDAxNzI1MDc4NDU2OTcy.vNg7foToqyzkXD5La5Ud5SsbeDFHFxucYunz2LIDsRkg.BRpZb8P2yoR83v_OAsTKH4wCEUWyvn67cqSbPjJyAtwg.JPEG%2F20240730_125014.jpg' ),
(	10016	, 'https://search.pstatic.net/common/?src=http%3A%2F%2Fblogfiles.naver.net%2FMjAyNDA4MzFfMzIg%2FMDAxNzI1MDc4NDU2OTcy.vNg7foToqyzkXD5La5Ud5SsbeDFHFxucYunz2LIDsRkg.BRpZb8P2yoR83v_OAsTKH4wCEUWyvn67cqSbPjJyAtwg.JPEG%2F20240730_125014.jpg' ),
(	10016	, 'https://search.pstatic.net/common/?src=https%3A%2F%2Fpup-review-phinf.pstatic.net%2FMjAyNDA4MDhfMjcg%2FMDAxNzIzMDgwODY1NDYx.3Wf5DzcqwtQ-JuTKXNnSy1D_3GTtP2noUfdIXQZ2TkQg.UrF2rN5Lbw68IPIA1Rv8Om6Ld7yONUm5dnbNHKKK5kwg.JPEG%2F1000065500.jpg.jpg%3Ftype%3Dw1500_60_sharpen	 ' ),
(	10016	, 'https://search.pstatic.net/common/?src=https%3A%2F%2Fpup-review-phinf.pstatic.net%2FMjAyNDA4MDhfMjcg%2FMDAxNzIzMDgwODY1NDYx.3Wf5DzcqwtQ-JuTKXNnSy1D_3GTtP2noUfdIXQZ2TkQg.UrF2rN5Lbw68IPIA1Rv8Om6Ld7yONUm5dnbNHKKK5kwg.JPEG%2F1000065500.jpg.jpg%3Ftype%3Dw1500_60_sharpen	 ' ),
(	10016	, 'https://search.pstatic.net/common/?src=https%3A%2F%2Fpup-review-phinf.pstatic.net%2FMjAyNDA4MDhfMjcg%2FMDAxNzIzMDgwODY1NDYx.3Wf5DzcqwtQ-JuTKXNnSy1D_3GTtP2noUfdIXQZ2TkQg.UrF2rN5Lbw68IPIA1Rv8Om6Ld7yONUm5dnbNHKKK5kwg.JPEG%2F1000065500.jpg.jpg%3Ftype%3Dw1500_60_sharpen	 ' ),
(	10017	, 'https://search.pstatic.net/common/?src=https%3A%2F%2Fldb-phinf.pstatic.net%2F20200730_244%2F1596090748868bbCD6_JPEG%2F5nYi2oXhTgK23nG7VdWCuGLC.jpg' ),
(	10017	, 'https://search.pstatic.net/common/?src=https%3A%2F%2Fpup-review-phinf.pstatic.net%2FMjAyNDEwMDNfMTI3%2FMDAxNzI3OTU5NDAyMzI0.8rXiyXOLECCuYjpYfACAbH9LynzCx9p71pwOZFs3kSgg.RhFqP60Gl-o5rrN701KmhdwC5Kh0WW_aNbXRdcQpeLcg.JPEG%2F1000066242.jpg.jpg%3Ftype%3Dw1500_60_sharpen	 ' ),
(	10017	, 'https://search.pstatic.net/common/?src=https%3A%2F%2Fpup-review-phinf.pstatic.net%2FMjAyNDEwMDNfOTUg%2FMDAxNzI3OTU5NDAxOTY0.d_9BkMS-cN7i5SG77W7VajbSvKI-FeovkazwRriUm24g.b-5U0_ZvaIsZxGTr1ExToypKvn3qjS1D_iuzuVuU6zUg.JPEG%2F1000066247.jpg.jpg%3Ftype%3Dw1500_60_sharpen	 ' ),
(	10017	, 'https://search.pstatic.net/common/?src=https%3A%2F%2Fpup-review-phinf.pstatic.net%2FMjAyNDEwMDNfOTUg%2FMDAxNzI3OTU5NDAxOTY0.d_9BkMS-cN7i5SG77W7VajbSvKI-FeovkazwRriUm24g.b-5U0_ZvaIsZxGTr1ExToypKvn3qjS1D_iuzuVuU6zUg.JPEG%2F1000066247.jpg.jpg%3Ftype%3Dw1500_60_sharpen	 ' ),
(	10017	, 'https://search.pstatic.net/common/?src=http%3A%2F%2Fblogfiles.naver.net%2FMjAyNDA4MTdfMjYz%2FMDAxNzIzODgyNjI4ODM4.Q6NCpOcE5ipMRfn7_NaLHZeMLECRohhVT1AWJR2wsVEg.dgXkbskfN2ablUHFRpIOE_hFthQwveRThDx5S9gFvzcg.JPEG%2FKakaoTalk_20240815_132646773_23.jpg' ),
(	10017	, 'https://search.pstatic.net/common/?src=http%3A%2F%2Fblogfiles.naver.net%2FMjAyNDA4MTdfMjYz%2FMDAxNzIzODgyNjI4ODM4.Q6NCpOcE5ipMRfn7_NaLHZeMLECRohhVT1AWJR2wsVEg.dgXkbskfN2ablUHFRpIOE_hFthQwveRThDx5S9gFvzcg.JPEG%2FKakaoTalk_20240815_132646773_23.jpg' ),
(	10017	, 'https://search.pstatic.net/common/?src=https%3A%2F%2Fpup-review-phinf.pstatic.net%2FMjAyNDEwMDNfMTQ3%2FMDAxNzI3OTU5NDAxODY3.rbnyx7K8-FVnNl3wG531u_TuQ3y_M_FgSVXlzemVU9kg.VFXgAoIF4IOLR1w6Iavc3tRoi_948GsXrmDfHqQHgGwg.JPEG%2F1000066260.jpg.jpg%3Ftype%3Dw1500_60_sharpen	 ' ),
(	10017	, 'https://search.pstatic.net/common/?src=https%3A%2F%2Fpup-review-phinf.pstatic.net%2FMjAyNDEwMDNfMTQ3%2FMDAxNzI3OTU5NDAxODY3.rbnyx7K8-FVnNl3wG531u_TuQ3y_M_FgSVXlzemVU9kg.VFXgAoIF4IOLR1w6Iavc3tRoi_948GsXrmDfHqQHgGwg.JPEG%2F1000066260.jpg.jpg%3Ftype%3Dw1500_60_sharpen	 ' ),
(	10017	, 'https://search.pstatic.net/common/?src=https%3A%2F%2Fpup-review-phinf.pstatic.net%2FMjAyNDA5MjhfMTA5%2FMDAxNzI3NTEyOTE3NDgz.3DkXadZ2ch_vLT_-Qy6L42HJncFqCDH_JDKRGswyN_Ig.K7-xFCGfO87YzAS6fPDag6dN-QFs0TqBhghKYB__1Nwg.JPEG%2F520337F4-EC01-438C-979E-06B794CD0AC2.jpeg%3Ftype%3Dw1500_60_sharpen	 ' ),
(	10017	, 'https://search.pstatic.net/common/?src=https%3A%2F%2Fpup-review-phinf.pstatic.net%2FMjAyNDA5MjhfMTA5%2FMDAxNzI3NTEyOTE3NDgz.3DkXadZ2ch_vLT_-Qy6L42HJncFqCDH_JDKRGswyN_Ig.K7-xFCGfO87YzAS6fPDag6dN-QFs0TqBhghKYB__1Nwg.JPEG%2F520337F4-EC01-438C-979E-06B794CD0AC2.jpeg%3Ftype%3Dw1500_60_sharpen	 ' ),
(	10018	, 'https://search.pstatic.net/common/?src=https%3A%2F%2Fldb-phinf.pstatic.net%2F20231225_270%2F1703515780044FrPgU_JPEG%2F1000001199.jpg' ),
(	10018	, 'https://search.pstatic.net/common/?src=https%3A%2F%2Fldb-phinf.pstatic.net%2F20240926_150%2F1727337165969NLEHt_JPEG%2F1000001204.jpg' ),
(	10018	, 'https://search.pstatic.net/common/?src=https%3A%2F%2Fldb-phinf.pstatic.net%2F20240926_75%2F1727337169443MWtPz_JPEG%2F1000001202.jpg' ),
(	10018	, 'https://search.pstatic.net/common/?src=https%3A%2F%2Fpup-review-phinf.pstatic.net%2FMjAyNDEwMDhfMTI3%2FMDAxNzI4MzYyNzk5Nzcz.5LQ2VOH-OiMaLIzLCY7g3HNn3no-dzuJAwW3LT6ZPTMg.pHfs2BXtX-mk4WzOuPv6McmwSsthAfowlNcRgIuC03wg.JPEG%2F07191356-ADA7-47B4-AB5D-AB5A386AF14E.jpeg%3Ftype%3Dw1500_60_sharpen	 ' ),
(	10018	, 'https://search.pstatic.net/common/?src=https%3A%2F%2Fpup-review-phinf.pstatic.net%2FMjAyNDEwMDZfMzIg%2FMDAxNzI4MjE5ODEyMDY0.-0J9IQojzdFUkda4vbny3Mt8t52tKiaOtAiEtmX0X5Ig.8qbiSaNvARacUZfBC8xqB0tSYavQosXXgVJs5yN1kwEg.JPEG%2F20241006_140421.jpg%3Ftype%3Dw1500_60_sharpen	 ' ),
(	10018	, 'https://search.pstatic.net/common/?src=https%3A%2F%2Fpup-review-phinf.pstatic.net%2FMjAyNDEwMDZfMzIg%2FMDAxNzI4MjE5ODEyMDY0.-0J9IQojzdFUkda4vbny3Mt8t52tKiaOtAiEtmX0X5Ig.8qbiSaNvARacUZfBC8xqB0tSYavQosXXgVJs5yN1kwEg.JPEG%2F20241006_140421.jpg%3Ftype%3Dw1500_60_sharpen	 ' ),
(	10018	, 'https://search.pstatic.net/common/?src=http%3A%2F%2Fblogfiles.naver.net%2FMjAyNDA5MDVfMTg2%2FMDAxNzI1NTE1MTk2NjAz.VSdXcP7YDQjHt6mUH7O0ztvl1D9g8cMd6YoTXrsztEog.02Wx3TJY4m9lxyQw5CS8OUQAyIWhOsayIHQjRM7scV4g.JPEG%2FKakaoTalk_20240905_131508986_01.jpg' ),
(	10018	, 'https://search.pstatic.net/common/?src=http%3A%2F%2Fblogfiles.naver.net%2FMjAyNDA5MDVfMTg2%2FMDAxNzI1NTE1MTk2NjAz.VSdXcP7YDQjHt6mUH7O0ztvl1D9g8cMd6YoTXrsztEog.02Wx3TJY4m9lxyQw5CS8OUQAyIWhOsayIHQjRM7scV4g.JPEG%2FKakaoTalk_20240905_131508986_01.jpg' ),
(	10018	, 'https://search.pstatic.net/common/?src=http%3A%2F%2Fblogfiles.naver.net%2FMjAyNDA5MDVfMTg2%2FMDAxNzI1NTE1MTk2NjAz.VSdXcP7YDQjHt6mUH7O0ztvl1D9g8cMd6YoTXrsztEog.02Wx3TJY4m9lxyQw5CS8OUQAyIWhOsayIHQjRM7scV4g.JPEG%2FKakaoTalk_20240905_131508986_01.jpg' ),
(	10018	, 'https://search.pstatic.net/common/?src=https%3A%2F%2Fpup-review-phinf.pstatic.net%2FMjAyNDEwMDZfMjIg%2FMDAxNzI4MjE5ODExOTEz.O0RoojK4Hs11lCtkCdipNLd-1Zab7TERv9e6Wcph1Y4g.Lm6azLZZXVjzrncOKj5UprOQmSITTOcym62YOp3fcL0g.JPEG%2F20241006_140414.jpg%3Ftype%3Dw1500_60_sharpen	 ' ),
(	10019	, 'https://search.pstatic.net/common/?src=https%3A%2F%2Fpup-review-phinf.pstatic.net%2FMjAyNDA5MDZfMTcg%2FMDAxNzI1NTk2MDA1MjM5.AhHiqOXn_B_oG9Tl9zZ2uplPnsawccAeSe_7euV9xI4g.VyyKaKtHJfVlrR-9DMesBTd8hv4AqmjqsRkmqw2FMkQg.JPEG%2F20240903_122423.jpg.jpg%3Ftype%3Dw1500_60_sharpen	 ' ),
(	10019	, 'https://search.pstatic.net/common/?src=http%3A%2F%2Fblogfiles.naver.net%2FMjAyNDA4MjhfMjk2%2FMDAxNzI0ODAzMzg4MjU0.-X9Y_yxtXgReLx6HFcXsLB-_tOY5hvs-bQqyoiVSUskg.YFoGUTdXHW07qjGnmVAtTY6xm_6cJt50wFhZ-hT0Tp8g.JPEG%2FKakaoTalk_20240827_133022298_13.jpg' ),
(	10019	, 'https://search.pstatic.net/common/?src=http%3A%2F%2Fblogfiles.naver.net%2FMjAyNDA4MjhfMjk2%2FMDAxNzI0ODAzMzg4MjU0.-X9Y_yxtXgReLx6HFcXsLB-_tOY5hvs-bQqyoiVSUskg.YFoGUTdXHW07qjGnmVAtTY6xm_6cJt50wFhZ-hT0Tp8g.JPEG%2FKakaoTalk_20240827_133022298_13.jpg' ),
(	10019	, 'https://search.pstatic.net/common/?src=http%3A%2F%2Fblogfiles.naver.net%2FMjAyNDA4MDdfNDMg%2FMDAxNzIzMDA2NDY3MjMw.H84YG8oho8gIg1lw0pOz-TOfPIK-d7XmZxQe3oaieoEg.ElpZKIwJX_iE2yoGU_Z6548Owr8i6NIHTIWvmSXWZuIg.JPEG%2FP20240731_102553837_C627C57F-57B5-4E4A-BCDC-A2BCE1329726.jpg' ),
(	10019	, 'https://search.pstatic.net/common/?src=https%3A%2F%2Fpup-review-phinf.pstatic.net%2FMjAyNDA4MjhfOTcg%2FMDAxNzI0ODA0MzU4MzYw.ep7zZjmrdT-vdK9MNDNaER_e8Lblue3JVi4uQpMXFs0g.fGFNxxVWjID44gUnvNk3LoENaKALi1b2wjYemNK7EQwg.JPEG%2FFC75AB37-E7CD-405E-9E99-5AF4F9C1862F.jpeg%3Ftype%3Dw1500_60_sharpen	 ' ),
(	10019	, 'https://search.pstatic.net/common/?src=https%3A%2F%2Fpup-review-phinf.pstatic.net%2FMjAyNDA4MjhfOTcg%2FMDAxNzI0ODA0MzU4MzYw.ep7zZjmrdT-vdK9MNDNaER_e8Lblue3JVi4uQpMXFs0g.fGFNxxVWjID44gUnvNk3LoENaKALi1b2wjYemNK7EQwg.JPEG%2FFC75AB37-E7CD-405E-9E99-5AF4F9C1862F.jpeg%3Ftype%3Dw1500_60_sharpen	 ' ),
(	10019	, 'https://search.pstatic.net/common/?src=http%3A%2F%2Fblogfiles.naver.net%2FMjAyNDA3MjdfMjQ0%2FMDAxNzIyMDUxMDA5MDI5.72GRx--oofCZWZcFsq3s0zIbxjTkdocU2oTGbrowRPAg.VZZ3nUgb44-XiS2gjZi8zmmyn9toGl2aPdPsjXrfkJog.JPEG%2FIMG_8354.jpg' ),
(	10019	, 'https://search.pstatic.net/common/?src=http%3A%2F%2Fblogfiles.naver.net%2FMjAyNDA5MDhfMTc5%2FMDAxNzI1Nzk2NjA3Nzky.4g-TYtE3UN7uduvzuB-uUGpjmOD45pXrGdGlE3fBy4Ig.duvnR4RUySGwaQHaGtGB-4nHbpb20_xLP5RTR5Cz_jUg.JPEG%2F1725796606918.jpg' ),
(	10019	, 'https://search.pstatic.net/common/?src=http%3A%2F%2Fblogfiles.naver.net%2FMjAyMzAyMTZfMjk2%2FMDAxNjc2NTMzMDMxMzkz.ejAwhwfDJP4wIG2FS8X95Xx5cddkQmL06oMrr7Mq4ogg.PNxIjocWSVa9JWVQ574LVdSFzJJZPnQby26WYVpoLsEg.JPEG.eunbyeol02%2FIMG_0240.jpg' ),
(	10019	, 'https://search.pstatic.net/common/?src=http%3A%2F%2Fblogfiles.naver.net%2FMjAyMzAyMTZfMjk2%2FMDAxNjc2NTMzMDMxMzkz.ejAwhwfDJP4wIG2FS8X95Xx5cddkQmL06oMrr7Mq4ogg.PNxIjocWSVa9JWVQ574LVdSFzJJZPnQby26WYVpoLsEg.JPEG.eunbyeol02%2FIMG_0240.jpg' ),
(	10020	, 'https://search.pstatic.net/common/?src=http%3A%2F%2Fblogfiles.naver.net%2FMjAyNDAzMTVfMjg1%2FMDAxNzEwNTA1MTU0Mzk0.o3K2b4K0G8HMa1ePBnaeJKREDNHb-gCLHNla_kh0adUg.nqA8T0smZX-C6_CeS3Z36Grkn1B8ArEbzdyRqniqYOkg.JPEG%2F20240315%25A3%25DF173045.jpg' ),
(	10020	, 'https://search.pstatic.net/common/?src=http%3A%2F%2Fimage.nmv.naver.net%2Fblog_2024_10_01_2575%2FRn5M2bDPxZ_01.jpg' ),
(	10020	, 'https://search.pstatic.net/common/?src=http%3A%2F%2Fimage.nmv.naver.net%2Fblog_2024_10_01_2575%2FRn5M2bDPxZ_01.jpg' ),
(	10020	, 'https://search.pstatic.net/common/?src=http%3A%2F%2Fblogfiles.naver.net%2FMjAyNDA5MjBfMzYg%2FMDAxNzI2ODAyMjQ4Njg2.Y5igU7u4QURIK6N4rHnsRKjKEa5HUxvjfbIpYG0IQGQg.I8fqkTh2Fk7smJ4PYRSHEqe4R4a5omA1uOFXlhxfjZUg.JPEG%2F1726802245825.jpg' ),
(	10020	, 'https://search.pstatic.net/common/?src=http%3A%2F%2Fblogfiles.naver.net%2FMjAyNDA3MTZfOTQg%2FMDAxNzIxMTQxNTg1NjY0.kOfn32HIg8Fzfeeo6ziCy-4bhqxPh_11ywo8jfyghF4g.kv6jIQqOp3kZEIBVaO0zAcEV59hV819ywjrr_votlpog.JPEG%2FIMG_2539.jpg' ),
(	10020	, 'https://search.pstatic.net/common/?src=http%3A%2F%2Fimage.nmv.naver.net%2Fblog_2024_05_18_1887%2FhTGNTNpuxQ_01.jpg' ),
(	10020	, 'https://search.pstatic.net/common/?src=http%3A%2F%2Fblogfiles.naver.net%2FMjAyNDA3MDFfNDgg%2FMDAxNzE5ODEzODg5NTA3.3wDIvct9opcuV_5p47b8dy3V6ny77-lmja1ONiJsSSsg.An1l8lBTA-Hf3swcDOcQAsrcL9h90oSWC4lMhTSumXkg.JPEG%2FIMG_0564.JPg' ),
(	10020	, 'https://search.pstatic.net/common/?src=http%3A%2F%2Fimage.nmv.naver.net%2Fblog_2024_05_15_1723%2FSsftUjKPo3_01.jpg' ),
(	10020	, 'https://search.pstatic.net/common/?src=http%3A%2F%2Fimage.nmv.naver.net%2Fblog_2024_03_11_3219%2Fc31848a1-df8f-11ee-81e4-e4434b29a0c4_01.jpg' ),
(	10020	, 'https://search.pstatic.net/common/?src=http%3A%2F%2Fblogfiles.naver.net%2FMjAyNDA1MjlfODcg%2FMDAxNzE2OTQ3OTY5Njg5.YhQ2fflpjusD4qhxipMACjn2kG1JZjerPFsiuZEHO1Qg.d2cNGqNb_PlSQl8SBRCb4PLFLAlpF1muNiFx1rSy5T4g.JPEG%2Foutput_444314885.jpg' ),
(	10021	, 'https://search.pstatic.net/common/?src=https%3A%2F%2Fldb-phinf.pstatic.net%2F20231023_6%2F1698049093017bx6gx_JPEG%2F%25C6%25AF%25BC%25B1%25C4%25AB%25C0%25CC%25BC%25BE%25B5%25BF.jpg' ),
(	10021	, 'https://search.pstatic.net/common/?src=https%3A%2F%2Fldb-phinf.pstatic.net%2F20231023_6%2F1698049093017bx6gx_JPEG%2F%25C6%25AF%25BC%25B1%25C4%25AB%25C0%25CC%25BC%25BE%25B5%25BF.jpg' ),
(	10021	, 'https://search.pstatic.net/common/?src=https%3A%2F%2Fldb-phinf.pstatic.net%2F20231023_6%2F1698049093017bx6gx_JPEG%2F%25C6%25AF%25BC%25B1%25C4%25AB%25C0%25CC%25BC%25BE%25B5%25BF.jpg' ),
(	10021	, 'https://search.pstatic.net/common/?src=https%3A%2F%2Fldb-phinf.pstatic.net%2F20231023_6%2F1698049093017bx6gx_JPEG%2F%25C6%25AF%25BC%25B1%25C4%25AB%25C0%25CC%25BC%25BE%25B5%25BF.jpg' ),
(	10021	, 'https://search.pstatic.net/common/?src=https%3A%2F%2Fldb-phinf.pstatic.net%2F20231023_6%2F1698049093017bx6gx_JPEG%2F%25C6%25AF%25BC%25B1%25C4%25AB%25C0%25CC%25BC%25BE%25B5%25BF.jpg' ),
(	10021	, 'https://search.pstatic.net/common/?src=https%3A%2F%2Fldb-phinf.pstatic.net%2F20231023_6%2F1698049093017bx6gx_JPEG%2F%25C6%25AF%25BC%25B1%25C4%25AB%25C0%25CC%25BC%25BE%25B5%25BF.jpg' ),
(	10021	, 'https://search.pstatic.net/common/?src=http%3A%2F%2Fblogfiles.naver.net%2FMjAyNDA5MjNfMjk5%2FMDAxNzI3MDcxODU1MTM3.H7rmxti8XMSqkOg8llhLasTN7gK6Q4gVXyJzCHyf47Ag.5htj_QeFxrdngBVoaykCgS2t54BBYjya3SgnNoXnQcog.JPEG%2FIMG_7949.jpg' ),
(	10021	, 'https://search.pstatic.net/common/?src=http%3A%2F%2Fblogfiles.naver.net%2FMjAyNDA5MjNfMjk5%2FMDAxNzI3MDcxODU1MTM3.H7rmxti8XMSqkOg8llhLasTN7gK6Q4gVXyJzCHyf47Ag.5htj_QeFxrdngBVoaykCgS2t54BBYjya3SgnNoXnQcog.JPEG%2FIMG_7949.jpg' ),
(	10021	, 'https://search.pstatic.net/common/?src=https%3A%2F%2Fldb-phinf.pstatic.net%2F20231023_260%2F1698049092845tbHTs_JPEG%2F%25BB%25FD%25C8%25A5%25B8%25B6%25B1%25B8%25B7%25CE%25BF%25EC%25B4%25CF%25B5%25BF_.jpg' ),
(	10021	, 'https://search.pstatic.net/common/?src=https%3A%2F%2Fldb-phinf.pstatic.net%2F20231023_260%2F1698049092845tbHTs_JPEG%2F%25BB%25FD%25C8%25A5%25B8%25B6%25B1%25B8%25B7%25CE%25BF%25EC%25B4%25CF%25B5%25BF_.jpg' ),
(	10022	, 'https://www.mukbangmap.com/_next/image?url=https%3A%2F%2Fi3.ytimg.com%2Fvi%2FdOGpXEOiYH8%2Fmqdefault.jpg&w=640&q=75	 ' ),
(	10022	, 'https://www.mukbangmap.com/_next/image?url=https%3A%2F%2Fi3.ytimg.com%2Fvi%2FdOGpXEOiYH8%2Fmqdefault.jpg&w=640&q=75	 ' ),
(	10022	, 'https://search.pstatic.net/common/?src=https%3A%2F%2Fpup-review-phinf.pstatic.net%2FMjAyNDEwMDlfNTYg%2FMDAxNzI4NDQ2MjM2Mzk4.O7vLcxNJxM1ZFvFuHN4o72_st1JPxpdsJRVM9vw6cI4g.J-Iq0Cc2y5SfqrS7BecBpxN35fPqL2xzm4A3_H9yInog.JPEG%2FF756FD28-23F9-4117-81FA-E1F47AD87EC6.jpeg%3Ftype%3Dw1500_60_sharpen	 ' ),
(	10022	, 'https://search.pstatic.net/common/?src=http%3A%2F%2Fblogfiles.naver.net%2FMjAyNDA5MTNfMTMx%2FMDAxNzI2MjAwOTY2NTM1.VIUY9MplbwBZVeOZR9zLKGmC-ZpZinUVNnLzt7w0SqEg.BuNK0T9zgvDpstdDdeofAawsBdYMFX-y2iZQDfQayBgg.JPEG%2FIMG_8540.jpg' ),
(	10022	, 'https://search.pstatic.net/common/?src=http%3A%2F%2Fblogfiles.naver.net%2FMjAyNDA5MTNfMTMx%2FMDAxNzI2MjAwOTY2NTM1.VIUY9MplbwBZVeOZR9zLKGmC-ZpZinUVNnLzt7w0SqEg.BuNK0T9zgvDpstdDdeofAawsBdYMFX-y2iZQDfQayBgg.JPEG%2FIMG_8540.jpg' ),
(	10022	, 'https://search.pstatic.net/common/?src=http%3A%2F%2Fblogfiles.naver.net%2FMjAyNDA3MjRfMjQx%2FMDAxNzIxODIyODM4MjA1.b5mnUgDpKWSFgHulPHXd_Ac7Own65rPcDn3mhgjWpdgg.a1sJW1VJ7EFzYQjShYcAoikdBLu9kFAGyhoWg3PkPJ8g.JPEG%2FIMG_9073.jpg' ),
(	10022	, 'https://search.pstatic.net/common/?src=http%3A%2F%2Fblogfiles.naver.net%2FMjAyNDA3MjRfMjQx%2FMDAxNzIxODIyODM4MjA1.b5mnUgDpKWSFgHulPHXd_Ac7Own65rPcDn3mhgjWpdgg.a1sJW1VJ7EFzYQjShYcAoikdBLu9kFAGyhoWg3PkPJ8g.JPEG%2FIMG_9073.jpg' ),
(	10022	, 'https://search.pstatic.net/common/?src=http%3A%2F%2Fblogfiles.naver.net%2FMjAyNDA3MjRfMjQx%2FMDAxNzIxODIyODM4MjA1.b5mnUgDpKWSFgHulPHXd_Ac7Own65rPcDn3mhgjWpdgg.a1sJW1VJ7EFzYQjShYcAoikdBLu9kFAGyhoWg3PkPJ8g.JPEG%2FIMG_9073.jpg' ),
(	10022	, 'https://search.pstatic.net/common/?src=http%3A%2F%2Fblogfiles.naver.net%2FMjAyNDA3MjRfMjQx%2FMDAxNzIxODIyODM4MjA1.b5mnUgDpKWSFgHulPHXd_Ac7Own65rPcDn3mhgjWpdgg.a1sJW1VJ7EFzYQjShYcAoikdBLu9kFAGyhoWg3PkPJ8g.JPEG%2FIMG_9073.jpg' ),
(	10022	, 'https://search.pstatic.net/common/?src=http%3A%2F%2Fblogfiles.naver.net%2FMjAyNDA3MjRfMjQx%2FMDAxNzIxODIyODM4MjA1.b5mnUgDpKWSFgHulPHXd_Ac7Own65rPcDn3mhgjWpdgg.a1sJW1VJ7EFzYQjShYcAoikdBLu9kFAGyhoWg3PkPJ8g.JPEG%2FIMG_9073.jpg' ),
(	10023	, 'https://search.pstatic.net/common/?src=https%3A%2F%2Fldb-phinf.pstatic.net%2F20191222_84%2F1576948858047xhrs2_JPEG%2FHsX-Dfliq28GRnvuMe1pFF5J.jpg' ),
(	10023	, 'https://search.pstatic.net/common/?src=https%3A%2F%2Fpup-review-phinf.pstatic.net%2FMjAyNDA5MTJfMTMw%2FMDAxNzI2MTQ1MjQ0NzQz.9ZLi3CYeZjSJl7JVFRsAbTy90sP_S6WzYPd_ETIvO4Ug.c-4VbpkUQ9MD9KcK1sL-_kVD5Ahmx4AdcbyzEQJc3iAg.JPEG%2F1749857B-DDC4-4793-87E1-2E244D71449C.jpeg%3Ftype%3Dw1500_60_sharpen	 ' ),
(	10023	, 'https://search.pstatic.net/common/?src=https%3A%2F%2Fpup-review-phinf.pstatic.net%2FMjAyNDA5MTJfMTMw%2FMDAxNzI2MTQ1MjQ0NzQz.9ZLi3CYeZjSJl7JVFRsAbTy90sP_S6WzYPd_ETIvO4Ug.c-4VbpkUQ9MD9KcK1sL-_kVD5Ahmx4AdcbyzEQJc3iAg.JPEG%2F1749857B-DDC4-4793-87E1-2E244D71449C.jpeg%3Ftype%3Dw1500_60_sharpen	 ' ),
(	10023	, 'https://search.pstatic.net/common/?src=https%3A%2F%2Fpup-review-phinf.pstatic.net%2FMjAyNDA5MTJfMTMw%2FMDAxNzI2MTQ1MjQ0NzQz.9ZLi3CYeZjSJl7JVFRsAbTy90sP_S6WzYPd_ETIvO4Ug.c-4VbpkUQ9MD9KcK1sL-_kVD5Ahmx4AdcbyzEQJc3iAg.JPEG%2F1749857B-DDC4-4793-87E1-2E244D71449C.jpeg%3Ftype%3Dw1500_60_sharpen	 ' ),
(	10023	, 'https://search.pstatic.net/common/?src=https%3A%2F%2Fpup-review-phinf.pstatic.net%2FMjAyNDA5MTJfMTMw%2FMDAxNzI2MTQ1MjQ0NzQz.9ZLi3CYeZjSJl7JVFRsAbTy90sP_S6WzYPd_ETIvO4Ug.c-4VbpkUQ9MD9KcK1sL-_kVD5Ahmx4AdcbyzEQJc3iAg.JPEG%2F1749857B-DDC4-4793-87E1-2E244D71449C.jpeg%3Ftype%3Dw1500_60_sharpen	 ' ),
(	10023	, 'https://search.pstatic.net/common/?src=https%3A%2F%2Fpup-review-phinf.pstatic.net%2FMjAyNDA5MTJfMTMw%2FMDAxNzI2MTQ1MjQ0NzQz.9ZLi3CYeZjSJl7JVFRsAbTy90sP_S6WzYPd_ETIvO4Ug.c-4VbpkUQ9MD9KcK1sL-_kVD5Ahmx4AdcbyzEQJc3iAg.JPEG%2F1749857B-DDC4-4793-87E1-2E244D71449C.jpeg%3Ftype%3Dw1500_60_sharpen	 ' ),
(	10023	, 'https://search.pstatic.net/common/?src=https%3A%2F%2Fpup-review-phinf.pstatic.net%2FMjAyNDA5MTJfMTMw%2FMDAxNzI2MTQ1MjQ0NzQz.9ZLi3CYeZjSJl7JVFRsAbTy90sP_S6WzYPd_ETIvO4Ug.c-4VbpkUQ9MD9KcK1sL-_kVD5Ahmx4AdcbyzEQJc3iAg.JPEG%2F1749857B-DDC4-4793-87E1-2E244D71449C.jpeg%3Ftype%3Dw1500_60_sharpen	 ' ),
(	10023	, 'https://search.pstatic.net/common/?src=https%3A%2F%2Fpup-review-phinf.pstatic.net%2FMjAyNDA5MTJfMTMw%2FMDAxNzI2MTQ1MjQ0NzQz.9ZLi3CYeZjSJl7JVFRsAbTy90sP_S6WzYPd_ETIvO4Ug.c-4VbpkUQ9MD9KcK1sL-_kVD5Ahmx4AdcbyzEQJc3iAg.JPEG%2F1749857B-DDC4-4793-87E1-2E244D71449C.jpeg%3Ftype%3Dw1500_60_sharpen	 ' ),
(	10023	, 'https://search.pstatic.net/common/?src=https%3A%2F%2Fpup-review-phinf.pstatic.net%2FMjAyNDA5MTJfMTMw%2FMDAxNzI2MTQ1MjQ0NzQz.9ZLi3CYeZjSJl7JVFRsAbTy90sP_S6WzYPd_ETIvO4Ug.c-4VbpkUQ9MD9KcK1sL-_kVD5Ahmx4AdcbyzEQJc3iAg.JPEG%2F1749857B-DDC4-4793-87E1-2E244D71449C.jpeg%3Ftype%3Dw1500_60_sharpen	 ' ),
(	10023	, 'https://search.pstatic.net/common/?src=http%3A%2F%2Fblogfiles.naver.net%2FMjAyNDA3MjFfMjY5%2FMDAxNzIxNTY3NTgxNTIy.cvHTYws4N3KPQ0o-6G5rnkHowCik6GBUfRWaSX7I9DMg.ZvKg6PjX137MWePOVUWjsfFV_6b4Qoi91ttUqpI4Qhcg.JPEG%2FKakaoTalk_20240428_210504887_09.jpg' ),
(	10024	, 'https://search.pstatic.net/common/?src=https%3A%2F%2Fldb-phinf.pstatic.net%2F20230420_233%2F1681995850674Xk677_JPEG%2F20230420_114512.jpg' ),
(	10024	, 'https://search.pstatic.net/common/?src=https%3A%2F%2Fldb-phinf.pstatic.net%2F20230420_233%2F1681995850674Xk677_JPEG%2F20230420_114512.jpg' ),
(	10024	, 'https://search.pstatic.net/common/?src=https%3A%2F%2Fldb-phinf.pstatic.net%2F20230420_233%2F1681995850674Xk677_JPEG%2F20230420_114512.jpg' ),
(	10024	, 'https://search.pstatic.net/common/?src=http%3A%2F%2Fblogfiles.naver.net%2FMjAyNDA5MTVfMjgw%2FMDAxNzI2MzY2NzUzNjQz.KNRSrOWaOg5BN9lwIAe7_CqRODLCzYFAfDT-xWB0SCEg.fBtqyA271gr4JYV0uMjDcEkBZEb0Fl4P4920iOnvoNsg.JPEG%2F20240908%25A3%25DF111619.jpg' ),
(	10024	, 'https://search.pstatic.net/common/?src=https%3A%2F%2Fpup-review-phinf.pstatic.net%2FMjAyNDEwMDVfMTc3%2FMDAxNzI4MDkzMDY5NTk1.ibFzUaGMTFHhN165TTqyx4W-QD6IWYgpMrtQNK4RWSkg.mKfP1AMIi-WCu0G9RXaVz9Gl_ajruyP6_Ix7lZ2fB9wg.JPEG%2F6BA5EC00-B2C9-4E64-8457-EB9B01A530B7.jpeg%3Ftype%3Dw1500_60_sharpen	 ' ),
(	10024	, 'https://search.pstatic.net/common/?src=https%3A%2F%2Fpup-review-phinf.pstatic.net%2FMjAyNDEwMDVfMTc3%2FMDAxNzI4MDkzMDY5NTk1.ibFzUaGMTFHhN165TTqyx4W-QD6IWYgpMrtQNK4RWSkg.mKfP1AMIi-WCu0G9RXaVz9Gl_ajruyP6_Ix7lZ2fB9wg.JPEG%2F6BA5EC00-B2C9-4E64-8457-EB9B01A530B7.jpeg%3Ftype%3Dw1500_60_sharpen	 ' ),
(	10024	, 'https://search.pstatic.net/common/?src=https%3A%2F%2Fpup-review-phinf.pstatic.net%2FMjAyNDEwMDVfMTc3%2FMDAxNzI4MDkzMDY5NTk1.ibFzUaGMTFHhN165TTqyx4W-QD6IWYgpMrtQNK4RWSkg.mKfP1AMIi-WCu0G9RXaVz9Gl_ajruyP6_Ix7lZ2fB9wg.JPEG%2F6BA5EC00-B2C9-4E64-8457-EB9B01A530B7.jpeg%3Ftype%3Dw1500_60_sharpen	 ' ),
(	10024	, 'https://search.pstatic.net/common/?src=http%3A%2F%2Fblogfiles.naver.net%2FMjAyNDA5MDNfMjkz%2FMDAxNzI1MzQyMjUwMjQ0.eyylAU8ueUr6UKPbnNnxF8fZ5UVcQBRfV9mjN81sEIUg.bqEs2uIaTvM2sly8pJIk8EtQmqrfLQ20-_FWdctWQUYg.JPEG%2FKakaoTalk_20240902_032645080_19.jpg' ),
(	10024	, 'https://search.pstatic.net/common/?src=https%3A%2F%2Fpup-review-phinf.pstatic.net%2FMjAyNDEwMDFfMjg2%2FMDAxNzI3NzQ5Nzg2NDA3.l8riMNrreUiBmjkW7lqy9uZAL958kNkADdtt9Ce_SEIg.4b8ZXrWQjMPJQXBMazsNSoYOuqpnNABdrJpOJt-ZVDMg.JPEG%2F1000011950.jpg.jpg%3Ftype%3Dw1500_60_sharpen	 ' ),
(	10024	, 'https://search.pstatic.net/common/?src=https%3A%2F%2Fpup-review-phinf.pstatic.net%2FMjAyNDEwMDFfMjM0%2FMDAxNzI3NzQ5Nzg1Njc1.5euE_loFpL5wGGswKPLrnO_Mul5D9jzfhcEUwvmoeJ8g.tygQqwFqI2607ttYrXT-AvK_5YRtX5DDLhSLqN9gFK4g.JPEG%2F1000011951.jpg.jpg%3Ftype%3Dw1500_60_sharpen	 ' ),
(	10025	, 'https://search.pstatic.net/common/?src=https%3A%2F%2Fldb-phinf.pstatic.net%2F20190131_186%2F1548902474866Yvx8O_PNG%2Fimage.png' ),
(	10025	, 'https://search.pstatic.net/common/?src=https%3A%2F%2Fldb-phinf.pstatic.net%2F20190131_286%2F1548902484858Y5jbu_PNG%2Fimage.png' ),
(	10025	, 'https://search.pstatic.net/common/?src=https%3A%2F%2Fldb-phinf.pstatic.net%2F20190131_286%2F1548902484858Y5jbu_PNG%2Fimage.png' ),
(	10025	, 'https://search.pstatic.net/common/?src=https%3A%2F%2Fpup-review-phinf.pstatic.net%2FMjAyNDEwMDdfMjQy%2FMDAxNzI4MjU2ODk0NTA0.IqEa0xPvOwbOjNrwX5Tl-y9ta3g8MP2Ooxw32h0K1yAg.3BYgFQtP2OQsBoHAwkCDcHjkymAyvz31cqz1G0_4ndog.JPEG%2F1000062102.jpg.jpg%3Ftype%3Dw1500_60_sharpen	 ' ),
(	10025	, 'https://search.pstatic.net/common/?src=https%3A%2F%2Fpup-review-phinf.pstatic.net%2FMjAyNDEwMDdfMjY2%2FMDAxNzI4MjU2ODk0NDY1.SZUG5eMjOf3McpSv58s-Ew-0C0azkTGqxCCWU7R_DzMg.j9KUVQNhrFjDDGuKaI8-jxcrfJHSn5NZAV3Q-sE8IHwg.JPEG%2F1000062103.jpg.jpg%3Ftype%3Dw1500_60_sharpen	 ' ),
(	10025	, 'https://search.pstatic.net/common/?src=http%3A%2F%2Fblogfiles.naver.net%2FMjAyNDEwMDJfMjE2%2FMDAxNzI3ODU1Mzk0Mzg4.Btw6x6bFdqYSelrGES4Vdr4LAayYCTx4mRwfuy5hr2Eg.Y4XUuGS7wWy1uzZ8sAaPV_LHY9Db4dF3RpR0OsYlpsIg.JPEG%2FIMG_5070.jpg' ),
(	10025	, 'https://search.pstatic.net/common/?src=http%3A%2F%2Fblogfiles.naver.net%2FMjAyNDA3MjhfMjU3%2FMDAxNzIyMTQ0NzI0NTQ4.edbOJEELCjIag0kVkgpIOVX02Y0M-bmQ-tWaAVqMC0sg.kp-s3RsQdekG805uWRn-g1cvPZcGW1zWVFTd9HWleG0g.JPEG%2FIMG_2705.jpeg' ),
(	10025	, 'https://search.pstatic.net/common/?src=http%3A%2F%2Fblogfiles.naver.net%2FMjAyNDA3MjhfMjU3%2FMDAxNzIyMTQ0NzI0NTQ4.edbOJEELCjIag0kVkgpIOVX02Y0M-bmQ-tWaAVqMC0sg.kp-s3RsQdekG805uWRn-g1cvPZcGW1zWVFTd9HWleG0g.JPEG%2FIMG_2705.jpeg' ),
(	10025	, 'https://search.pstatic.net/common/?src=https%3A%2F%2Fldb-phinf.pstatic.net%2F20190131_228%2F15489024779402KY59_PNG%2Fimage.png' ),
(	10025	, 'https://search.pstatic.net/common/?src=https%3A%2F%2Fldb-phinf.pstatic.net%2F20181123_116%2F15429514419292lWNo_JPEG%2FDO5STGJmbioawVctZ3TU8HAJ.jpg' ),
(	10026	, 'https://search.pstatic.net/common/?src=https%3A%2F%2Fldb-phinf.pstatic.net%2F20220307_270%2F164662927246550kJt_JPEG%2F1646629250895.jpg' ),
(	10026	, 'https://search.pstatic.net/common/?src=https%3A%2F%2Fldb-phinf.pstatic.net%2F20220307_270%2F164662927246550kJt_JPEG%2F1646629250895.jpg' ),
(	10026	, 'https://search.pstatic.net/common/?src=http%3A%2F%2Fblogfiles.naver.net%2FMjAyNDA4MTNfMTY4%2FMDAxNzIzNTQ3MDQyMzI1.KJQ-oWD3r7qKcHm3FkCwr5a-8rgtVro2y_7lu2_aOHUg.lDAtwmwZZcnM2me-kbXI3msmSLctuEr7KKgLEb28DmEg.JPEG%2FIMG_0456.JPg' ),
(	10026	, 'https://search.pstatic.net/common/?src=http%3A%2F%2Fblogfiles.naver.net%2FMjAyNDA4MTFfMTMx%2FMDAxNzIzMzgyNzQxODky.uQSYjb0ZAWcjVSRnj2IN9s_WuyvDQNPeev6sgXzVd2wg.5iZX0sGaJzW22uArQhHBe7YeiTCnwgLQeBFLk2QZ_rAg.JPEG%2F20240810%25A3%25DF182408.jpg' ),
(	10026	, 'https://search.pstatic.net/common/?src=http%3A%2F%2Fblogfiles.naver.net%2FMjAyNDA4MTFfMTMx%2FMDAxNzIzMzgyNzQxODky.uQSYjb0ZAWcjVSRnj2IN9s_WuyvDQNPeev6sgXzVd2wg.5iZX0sGaJzW22uArQhHBe7YeiTCnwgLQeBFLk2QZ_rAg.JPEG%2F20240810%25A3%25DF182408.jpg' ),
(	10026	, 'https://search.pstatic.net/common/?src=http%3A%2F%2Fblogfiles.naver.net%2FMjAyNDA4MTFfMTMx%2FMDAxNzIzMzgyNzQxODky.uQSYjb0ZAWcjVSRnj2IN9s_WuyvDQNPeev6sgXzVd2wg.5iZX0sGaJzW22uArQhHBe7YeiTCnwgLQeBFLk2QZ_rAg.JPEG%2F20240810%25A3%25DF182408.jpg' ),
(	10026	, 'https://search.pstatic.net/common/?src=https%3A%2F%2Fpup-review-phinf.pstatic.net%2FMjAyNDA4MTVfMjA4%2FMDAxNzIzNzIzOTY0MDU3.hGHWw1qrHQ80LjVa_0Q1_h3uPZXAkE-32icsHrT_S2cg.K0m5b8MbxT6_eNzUnS80YbMq93RxFVQL4SLIUBjGVOYg.JPEG%2F1000017680.jpg.jpg%3Ftype%3Dw1500_60_sharpen	 ' ),
(	10026	, 'https://search.pstatic.net/common/?src=https%3A%2F%2Fpup-review-phinf.pstatic.net%2FMjAyNDA4MTVfMjA4%2FMDAxNzIzNzIzOTY0MDU3.hGHWw1qrHQ80LjVa_0Q1_h3uPZXAkE-32icsHrT_S2cg.K0m5b8MbxT6_eNzUnS80YbMq93RxFVQL4SLIUBjGVOYg.JPEG%2F1000017680.jpg.jpg%3Ftype%3Dw1500_60_sharpen	 ' ),
(	10026	, 'https://search.pstatic.net/common/?src=https%3A%2F%2Fpup-review-phinf.pstatic.net%2FMjAyNDA4MTVfMjA4%2FMDAxNzIzNzIzOTY0MDU3.hGHWw1qrHQ80LjVa_0Q1_h3uPZXAkE-32icsHrT_S2cg.K0m5b8MbxT6_eNzUnS80YbMq93RxFVQL4SLIUBjGVOYg.JPEG%2F1000017680.jpg.jpg%3Ftype%3Dw1500_60_sharpen	 ' ),
(	10026	, 'https://search.pstatic.net/common/?src=https%3A%2F%2Fpup-review-phinf.pstatic.net%2FMjAyNDA4MTVfMjA4%2FMDAxNzIzNzIzOTY0MDU3.hGHWw1qrHQ80LjVa_0Q1_h3uPZXAkE-32icsHrT_S2cg.K0m5b8MbxT6_eNzUnS80YbMq93RxFVQL4SLIUBjGVOYg.JPEG%2F1000017680.jpg.jpg%3Ftype%3Dw1500_60_sharpen	 ' ),
(	10027	, 'https://www.mukbangmap.com/_next/image?url=https%3A%2F%2Fi3.ytimg.com%2Fvi%2FQxErY8Pl3mI%2Fmqdefault.jpg&w=640&q=75	 ' ),
(	10027	, 'https://search.pstatic.net/common/?src=https%3A%2F%2Fpup-review-phinf.pstatic.net%2FMjAyNDA5MDlfMzUg%2FMDAxNzI1ODEyNTIwMjA2.v9Tv97qyCP-EhyhvzTqDb8lLzUN-hhmY5q6N534qbPEg.BYPiIObTCVu3mlhzhdVvlBnSSS7xo7cDO4wwXfO2-F0g.JPEG%2F8F1D12E2-92B1-4509-B88B-C6682E9B5E0C.jpeg%3Ftype%3Dw1500_60_sharpen	 ' ),
(	10027	, 'https://search.pstatic.net/common/?src=http%3A%2F%2Fblogfiles.naver.net%2FMjAyNDA4MDhfNDkg%2FMDAxNzIzMDg2NDIyMjE3.3S71mixCbLAzDqbPFyzpIepEtbRW61DWgzsVSNJVfo4g.-YhWffMZKVQUsWInZcplk2p9X6DGgAb1dFAweKBiercg.JPEG%2F20240725%25A3%25DF121725.jpg' ),
(	10027	, 'https://search.pstatic.net/common/?src=http%3A%2F%2Fblogfiles.naver.net%2FMjAyNDA4MDhfNDkg%2FMDAxNzIzMDg2NDIyMjE3.3S71mixCbLAzDqbPFyzpIepEtbRW61DWgzsVSNJVfo4g.-YhWffMZKVQUsWInZcplk2p9X6DGgAb1dFAweKBiercg.JPEG%2F20240725%25A3%25DF121725.jpg' ),
(	10027	, 'https://search.pstatic.net/common/?src=https%3A%2F%2Fpup-review-phinf.pstatic.net%2FMjAyNDA5MDNfMTU3%2FMDAxNzI1MzU2MjI0NDcw.ktAsUaKEufRRfZ8VUonGYJfgaJ8ZSMo0igfhQhjwICAg.r-i9SFGIlwRMmZewp_u-Y8W1J2KMbIED96Q1lxHzvaIg.JPEG%2F9F2E1F17-4B7F-4CA5-A79E-89ECCF243B23.jpeg%3Ftype%3Dw1500_60_sharpen	 ' ),
(	10027	, 'https://search.pstatic.net/common/?src=http%3A%2F%2Fblogfiles.naver.net%2FMjAyNDA3MjFfMjE4%2FMDAxNzIxNTM0NjU5NDgz.uvgWUzTcqhhPpAqE8SvFuGyMg2AZU2Z1jtBe_PVDSkkg.Sa-6KQhjRC9POTla0hTiAvCnnVeFf3usKXi-5lsAuhkg.JPEG%2FIMG_3457%25281%2529.jpg' ),
(	10027	, 'https://search.pstatic.net/common/?src=http%3A%2F%2Fblogfiles.naver.net%2FMjAyNDA3MjFfMjE4%2FMDAxNzIxNTM0NjU5NDgz.uvgWUzTcqhhPpAqE8SvFuGyMg2AZU2Z1jtBe_PVDSkkg.Sa-6KQhjRC9POTla0hTiAvCnnVeFf3usKXi-5lsAuhkg.JPEG%2FIMG_3457%25281%2529.jpg' ),
(	10027	, 'https://search.pstatic.net/common/?src=http%3A%2F%2Fblogfiles.naver.net%2FMjAyNDA3MjFfMjE4%2FMDAxNzIxNTM0NjU5NDgz.uvgWUzTcqhhPpAqE8SvFuGyMg2AZU2Z1jtBe_PVDSkkg.Sa-6KQhjRC9POTla0hTiAvCnnVeFf3usKXi-5lsAuhkg.JPEG%2FIMG_3457%25281%2529.jpg' ),
(	10027	, 'https://search.pstatic.net/common/?src=https%3A%2F%2Fpup-review-phinf.pstatic.net%2FMjAyNDA5MDNfNDcg%2FMDAxNzI1MzU2MjIzNzky.Jdo7cNrgYesgWbabMZy2Epvf8WqqJkDP8Hz3LCjrvHQg.DAf9smneK1Ns1cvZHT3Mu221hNLurqirWLdU8L8Nursg.JPEG%2F1AB4801B-C85D-4C10-BF63-111AC54068B3.jpeg%3Ftype%3Dw1500_60_sharpen	 ' ),
(	10027	, 'https://search.pstatic.net/common/?src=http%3A%2F%2Fblogfiles.naver.net%2FMjAyNDA3MDFfMTYw%2FMDAxNzE5ODM4MjY1NzY5.fmf-NtWdQXjtS5N_x40qdZxU2PCwIOa5bbBP5KjvgV8g.0JEs_VmEykMyh-B9guTE6qb2A9zsiaWf_qBMBQlyf8og.JPEG%2FIMG_3533.jpg' ),
(	10028	, 'https://search.pstatic.net/common/?src=https%3A%2F%2Fnaverbooking-phinf.pstatic.net%2F20220913_205%2F1663039364696hp94C_JPEG%2Fimage.jpg' ),
(	10028	, 'https://search.pstatic.net/common/?src=https%3A%2F%2Fnaverbooking-phinf.pstatic.net%2F20220913_205%2F1663039364696hp94C_JPEG%2Fimage.jpg' ),
(	10028	, 'https://search.pstatic.net/common/?src=https%3A%2F%2Fnaverbooking-phinf.pstatic.net%2F20220913_53%2F1663039399142qD2S0_JPEG%2Fimage.jpg' ),
(	10028	, 'https://search.pstatic.net/common/?src=http%3A%2F%2Fblogfiles.naver.net%2FMjAyNDA4MDVfMTU0%2FMDAxNzIyODYwMzYzMTAw.xR2wSMzFgKJTJsp1a4RBOfv_hrxQD-rUQmo-FvJg7gwg.82Kp_GXWJ9bKEXGHlTmQO6cMWEPvqUDKbZ8dm405fh8g.JPEG%2F047A5351.jpg' ),
(	10028	, 'https://search.pstatic.net/common/?src=https%3A%2F%2Fnaverbooking-phinf.pstatic.net%2F20220913_272%2F1663039415758Y60Rf_JPEG%2Fimage.jpg' ),
(	10028	, 'https://search.pstatic.net/common/?src=https%3A%2F%2Fnaverbooking-phinf.pstatic.net%2F20220913_18%2F1663039482076O9jpq_JPEG%2Fimage.jpg' ),
(	10028	, 'https://search.pstatic.net/common/?src=https%3A%2F%2Fnaverbooking-phinf.pstatic.net%2F20220913_18%2F1663039482076O9jpq_JPEG%2Fimage.jpg' ),
(	10028	, 'https://search.pstatic.net/common/?src=https%3A%2F%2Fpup-review-phinf.pstatic.net%2FMjAyNDEwMDNfMTUx%2FMDAxNzI3OTQ4MjE4ODc3.4EVzL38ciRItBajQVt1pmQiWxYKY-IqEmeJQ6086HNog.-gh6R8-Te_h5h6oDVvNVfLHPkY4lYeVJCtaHmKAg5o4g.JPEG%2F1000042519.jpg.jpg%3Ftype%3Dw1500_60_sharpen	 ' ),
(	10028	, 'https://search.pstatic.net/common/?src=https%3A%2F%2Fpup-review-phinf.pstatic.net%2FMjAyNDEwMDNfMTUx%2FMDAxNzI3OTQ4MjE4ODc3.4EVzL38ciRItBajQVt1pmQiWxYKY-IqEmeJQ6086HNog.-gh6R8-Te_h5h6oDVvNVfLHPkY4lYeVJCtaHmKAg5o4g.JPEG%2F1000042519.jpg.jpg%3Ftype%3Dw1500_60_sharpen	 ' ),
(	10028	, 'https://search.pstatic.net/common/?src=http%3A%2F%2Fblogfiles.naver.net%2FMjAyNDEwMDdfMTQy%2FMDAxNzI4MjYzNjA5MDQ2.AvcvzuTBVxrURV35uutE0WcOvfWW6aJNUdjng0FwPfog.vNsBXliAiHC-8BVpoK5pcbL3vLMPC5cTxs7QlITpT40g.JPEG%2F20240920_132754.jpg' ),
(	10029	, 'https://search.pstatic.net/common/?src=https%3A%2F%2Fldb-phinf.pstatic.net%2F20240722_16%2F17216267926613Ebk0_JPEG%2FIMG_7004.jpeg' ),
(	10029	, 'https://search.pstatic.net/common/?src=https%3A%2F%2Fldb-phinf.pstatic.net%2F20230616_119%2F1686925910767Pc4F7_JPEG%2FIMG_1402.jpeg' ),
(	10029	, 'https://search.pstatic.net/common/?src=https%3A%2F%2Fpup-review-phinf.pstatic.net%2FMjAyNDA5MDhfMTk3%2FMDAxNzI1NzY0NTQzNTEw.RLY9KiziEqI2bhRbLsjDi0stbvgloGz-5LZ6HrjHI7sg.9iFnEZvofbuV_Jay97FB7NCnlM5Pws3PTyGnB2sJXNog.JPEG%2F10524DB6-0B79-4957-82E0-9156E9606309.jpeg%3Ftype%3Dw1500_60_sharpen	 ' ),
(	10029	, 'https://search.pstatic.net/common/?src=https%3A%2F%2Fpup-review-phinf.pstatic.net%2FMjAyNDA5MDhfMTk3%2FMDAxNzI1NzY0NTQzNTEw.RLY9KiziEqI2bhRbLsjDi0stbvgloGz-5LZ6HrjHI7sg.9iFnEZvofbuV_Jay97FB7NCnlM5Pws3PTyGnB2sJXNog.JPEG%2F10524DB6-0B79-4957-82E0-9156E9606309.jpeg%3Ftype%3Dw1500_60_sharpen	 ' ),
(	10029	, 'https://search.pstatic.net/common/?src=https%3A%2F%2Fpup-review-phinf.pstatic.net%2FMjAyNDA5MDhfMTk3%2FMDAxNzI1NzY0NTQzNTEw.RLY9KiziEqI2bhRbLsjDi0stbvgloGz-5LZ6HrjHI7sg.9iFnEZvofbuV_Jay97FB7NCnlM5Pws3PTyGnB2sJXNog.JPEG%2F10524DB6-0B79-4957-82E0-9156E9606309.jpeg%3Ftype%3Dw1500_60_sharpen	 ' ),
(	10029	, 'https://search.pstatic.net/common/?src=http%3A%2F%2Fblogfiles.naver.net%2FMjAyNDA1MTNfMTAz%2FMDAxNzE1NTg1NDM1MzY3.z6nXVjryFUA7NkWlBR2GfnfzaYORXtVn5llKStTgP0Ig.VCG0mjAZYsLCHGqhHfp5wtdPFnnTptEXZ26rDJmTBxcg.JPEG%2FKakaoTalk_20240508_145418284_04.jpg' ),
(	10029	, 'https://search.pstatic.net/common/?src=https%3A%2F%2Fldb-phinf.pstatic.net%2F20221109_282%2F166795972521363FMU_JPEG%2FKakaoTalk_20221109_110635636_15.jpg' ),
(	10029	, 'https://search.pstatic.net/common/?src=https%3A%2F%2Fldb-phinf.pstatic.net%2F20221109_282%2F166795972521363FMU_JPEG%2FKakaoTalk_20221109_110635636_15.jpg' ),
(	10029	, 'https://search.pstatic.net/common/?src=https%3A%2F%2Fldb-phinf.pstatic.net%2F20221109_282%2F166795972521363FMU_JPEG%2FKakaoTalk_20221109_110635636_15.jpg' ),
(	10029	, 'https://search.pstatic.net/common/?src=http%3A%2F%2Fblogfiles.naver.net%2FMjAyNDA5MTZfMjcz%2FMDAxNzI2NDE0OTgxNDM1.bYu5HjpKp8-U1LNqOzfC5D42m2KUdwAAXmpltyiOMecg.jH1aggmS6H7TINOc3kfFHVRE8pSy9YiynRYmY03ASM8g.JPEG%2F1726414316714.jpg' ),
(	10030	, 'https://search.pstatic.net/common/?src=https%3A%2F%2Fldb-phinf.pstatic.net%2F20230116_33%2F1673873053467LqIJf_JPEG%2FScreenshot_20230116_214407_Instagram.jpg' ),
(	10030	, 'https://search.pstatic.net/common/?src=https%3A%2F%2Fpup-review-phinf.pstatic.net%2FMjAyNDA4MTlfMjE3%2FMDAxNzI0MDM1NTg1MTM0.vCelDaRk-FoBLasO09Gpzl5kWRl7O09mm9Y_B1aEGPIg.5Kewgklk1MdrGDi9_JTf9Ri8tqXahn9UTJ0xLQC9zNEg.JPEG%2FB5919297-4B88-41DE-8619-FBBDCB2EBC09.jpeg%3Ftype%3Dw1500_60_sharpen	 ' ),
(	10030	, 'https://search.pstatic.net/common/?src=http%3A%2F%2Fblogfiles.naver.net%2FMjAyNDEwMDVfMjIg%2FMDAxNzI4MDkzNzYwMDQ4.YgfTvddawiv_VBhbc_5DZqgDQaMRqdPmjDiYNpNtLBUg.IXPvGI6rAHqoSGO4MzksrMtfqmakLPC1Kj0-sGeTSYYg.JPEG%2FIMG_4756.JPEg' ),
(	10030	, 'https://search.pstatic.net/common/?src=https%3A%2F%2Fpup-review-phinf.pstatic.net%2FMjAyNDA4MTlfMjQ2%2FMDAxNzI0MDM1NTg1NDEx.08mkSp8EnjRlujIURllDMrlRRkW2Jmm09bZY7nkLjtAg.LJa4x6_nd0JoMGzuYxME0vkZNgjfxEu2hDhucnQAJnQg.JPEG%2FDF69989A-25CD-4C17-9707-148AFFD7B292.jpeg%3Ftype%3Dw1500_60_sharpen	 ' ),
(	10030	, 'https://search.pstatic.net/common/?src=https%3A%2F%2Fpup-review-phinf.pstatic.net%2FMjAyNDA4MjFfMjcw%2FMDAxNzI0MjAwMzQ0Njk2.Tv2dENhp8joB50Zj6xEQTpqJWa8FGmuLq9ogqPeB-90g.GPQmh9LxlJq3zb9OIbkkkkaFMvEbndFizA6J0yCxzL4g.JPEG%2F1000010290.jpg.jpg%3Ftype%3Dw1500_60_sharpen	 ' ),
(	10030	, 'https://search.pstatic.net/common/?src=http%3A%2F%2Fblogfiles.naver.net%2FMjAyNDA2MDRfNCAg%2FMDAxNzE3NDI3NDE1MDgz.adpfapglUqOt7P1kpvNp4NxEBPde6Xf8CYd4pADYm6kg.ALmBRY5QfG4h-3OGehx5wg617TmGx7CdDVb0FrDIzlwg.JPEG%2FKakaoTalk_20240603_230350191_17.jpg' ),
(	10030	, 'https://search.pstatic.net/common/?src=http%3A%2F%2Fblogfiles.naver.net%2FMjAyNDA2MDRfNCAg%2FMDAxNzE3NDI3NDE1MDgz.adpfapglUqOt7P1kpvNp4NxEBPde6Xf8CYd4pADYm6kg.ALmBRY5QfG4h-3OGehx5wg617TmGx7CdDVb0FrDIzlwg.JPEG%2FKakaoTalk_20240603_230350191_17.jpg' ),
(	10030	, 'https://search.pstatic.net/common/?src=http%3A%2F%2Fblogfiles.naver.net%2FMjAyNDA2MDRfNCAg%2FMDAxNzE3NDI3NDE1MDgz.adpfapglUqOt7P1kpvNp4NxEBPde6Xf8CYd4pADYm6kg.ALmBRY5QfG4h-3OGehx5wg617TmGx7CdDVb0FrDIzlwg.JPEG%2FKakaoTalk_20240603_230350191_17.jpg' ),
(	10030	, 'https://search.pstatic.net/common/?src=https%3A%2F%2Fpup-review-phinf.pstatic.net%2FMjAyNDA4MDJfMjU3%2FMDAxNzIyNTY5NTA4Mzky.BIPbe_eeIdr-B3ETstx5QTaQ-LENKwZ2JDIVzw6gOYcg._T0qSrEC1Psfbsnrcx2qcAZIktuHgWNGCnweoMKUa54g.JPEG%2FE0E449DF-A335-4428-809C-8E7BB5A0F92E.jpeg%3Ftype%3Dw1500_60_sharpen	 ' ),
(	10030	, 'https://search.pstatic.net/common/?src=https%3A%2F%2Fpup-review-phinf.pstatic.net%2FMjAyNDA4MDJfMjU3%2FMDAxNzIyNTY5NTA4Mzky.BIPbe_eeIdr-B3ETstx5QTaQ-LENKwZ2JDIVzw6gOYcg._T0qSrEC1Psfbsnrcx2qcAZIktuHgWNGCnweoMKUa54g.JPEG%2FE0E449DF-A335-4428-809C-8E7BB5A0F92E.jpeg%3Ftype%3Dw1500_60_sharpen	 ' ),
(	10031	, 'https://search.pstatic.net/common/?src=https%3A%2F%2Fldb-phinf.pstatic.net%2F20150831_224%2F1440991107534NhilS_JPEG%2F106572513334288_0.jpg' ),
(	10031	, 'https://search.pstatic.net/common/?src=https%3A%2F%2Fldb-phinf.pstatic.net%2F20150831_180%2F1440991107695OKjSE_JPEG%2F106572513334288_1.jpg' ),
(	10031	, 'https://search.pstatic.net/common/?src=https%3A%2F%2Fldb-phinf.pstatic.net%2F20150831_16%2F1440991107874fkPLE_JPEG%2F106572513334288_2.jpg' ),
(	10031	, 'https://search.pstatic.net/common/?src=https%3A%2F%2Fpup-review-phinf.pstatic.net%2FMjAyMzExMzBfMTMz%2FMDAxNzAxMzE3ODQ2NzI2.5pp8zNxqfZU_8AMuaui7QvDALJvn5YvAtH38WE-vfGgg.1eTzMXVPPjR9R_yBH1upHMxAfZ7AKNefcOSHtv-ArHkg.JPEG%2F20231130_115836.jpg.jpg%3Ftype%3Dw1500_60_sharpen	 ' ),
(	10031	, 'https://search.pstatic.net/common/?src=https%3A%2F%2Fpup-review-phinf.pstatic.net%2FMjAyMzExMzBfMTMz%2FMDAxNzAxMzE3ODQ2NzI2.5pp8zNxqfZU_8AMuaui7QvDALJvn5YvAtH38WE-vfGgg.1eTzMXVPPjR9R_yBH1upHMxAfZ7AKNefcOSHtv-ArHkg.JPEG%2F20231130_115836.jpg.jpg%3Ftype%3Dw1500_60_sharpen	 ' ),
(	10031	, 'https://search.pstatic.net/common/?src=https%3A%2F%2Fpup-review-phinf.pstatic.net%2FMjAyMzExMzBfMTMz%2FMDAxNzAxMzE3ODQ2NzI2.5pp8zNxqfZU_8AMuaui7QvDALJvn5YvAtH38WE-vfGgg.1eTzMXVPPjR9R_yBH1upHMxAfZ7AKNefcOSHtv-ArHkg.JPEG%2F20231130_115836.jpg.jpg%3Ftype%3Dw1500_60_sharpen	 ' ),
(	10031	, 'https://search.pstatic.net/common/?src=http%3A%2F%2Fblogfiles.naver.net%2FMjAyNDA3MjNfMyAg%2FMDAxNzIxNzQwODYwOTc3.RfENUSVZD6LpqcwnDREuzX7CNyH7ynVFZ7K_-TKTzVIg.Us14RFtIOLjjF74UtVJZbcxWSSYbYVM6Y6Y4cOsbM1Ag.JPEG%2F11.jpg' ),
(	10031	, 'https://search.pstatic.net/common/?src=http%3A%2F%2Fblogfiles.naver.net%2FMjAyNDA3MjNfMyAg%2FMDAxNzIxNzQwODYwOTc3.RfENUSVZD6LpqcwnDREuzX7CNyH7ynVFZ7K_-TKTzVIg.Us14RFtIOLjjF74UtVJZbcxWSSYbYVM6Y6Y4cOsbM1Ag.JPEG%2F11.jpg' ),
(	10031	, 'https://search.pstatic.net/common/?src=http%3A%2F%2Fblogfiles.naver.net%2FMjAyNDA3MjNfMyAg%2FMDAxNzIxNzQwODYwOTc3.RfENUSVZD6LpqcwnDREuzX7CNyH7ynVFZ7K_-TKTzVIg.Us14RFtIOLjjF74UtVJZbcxWSSYbYVM6Y6Y4cOsbM1Ag.JPEG%2F11.jpg' ),
(	10031	, 'https://search.pstatic.net/common/?src=http%3A%2F%2Fblogfiles.naver.net%2FMjAyNDA3MjNfMyAg%2FMDAxNzIxNzQwODYwOTc3.RfENUSVZD6LpqcwnDREuzX7CNyH7ynVFZ7K_-TKTzVIg.Us14RFtIOLjjF74UtVJZbcxWSSYbYVM6Y6Y4cOsbM1Ag.JPEG%2F11.jpg' ),
(	10032	, 'https://search.pstatic.net/common/?src=https%3A%2F%2Fldb-phinf.pstatic.net%2F20221011_20%2F1665484067579FE9Gr_JPEG%2FIMG_20220905_120854_757.jpg' ),
(	10032	, 'https://search.pstatic.net/common/?src=https%3A%2F%2Fpup-review-phinf.pstatic.net%2FMjAyNDEwMDlfMTA3%2FMDAxNzI4NDQ1NzI3MTA5.OYvpDUtLMh--zOf6jLyZOeVgZa23T5Dh59tvrP6DUVgg.NN_wSJAzLaOAflw6qW1g5IGvpUZSmX5C8Q5yyIUdQn0g.JPEG%2FIMG_0070.jpeg%3Ftype%3Dw1500_60_sharpen	 ' ),
(	10032	, 'https://search.pstatic.net/common/?src=https%3A%2F%2Fpup-review-phinf.pstatic.net%2FMjAyNDEwMDlfMjAx%2FMDAxNzI4NDQ1NzI2Mjk0.gTLZIlnD0_0wNU1X7dkTzlTieByCwW-yDS9XN1_Wi4og.bIuNrxgpg_cFPYRciAmFdyvNO8EGJbgFQc78g-Mh9B8g.JPEG%2FIMG_0069.jpeg%3Ftype%3Dw1500_60_sharpen	 ' ),
(	10032	, 'https://search.pstatic.net/common/?src=https%3A%2F%2Fpup-review-phinf.pstatic.net%2FMjAyNDEwMDlfMjAx%2FMDAxNzI4NDQ1NzI2Mjk0.gTLZIlnD0_0wNU1X7dkTzlTieByCwW-yDS9XN1_Wi4og.bIuNrxgpg_cFPYRciAmFdyvNO8EGJbgFQc78g-Mh9B8g.JPEG%2FIMG_0069.jpeg%3Ftype%3Dw1500_60_sharpen	 ' ),
(	10032	, 'https://search.pstatic.net/common/?src=https%3A%2F%2Fpup-review-phinf.pstatic.net%2FMjAyNDEwMDlfMjAx%2FMDAxNzI4NDQ1NzI2Mjk0.gTLZIlnD0_0wNU1X7dkTzlTieByCwW-yDS9XN1_Wi4og.bIuNrxgpg_cFPYRciAmFdyvNO8EGJbgFQc78g-Mh9B8g.JPEG%2FIMG_0069.jpeg%3Ftype%3Dw1500_60_sharpen	 ' ),
(	10032	, 'https://search.pstatic.net/common/?src=https%3A%2F%2Fldb-phinf.pstatic.net%2F20200629_172%2F1593441156229TC7IU_JPEG%2FYlyT26opkvwv0Fm5p1SBXXvF.jpg' ),
(	10032	, 'https://search.pstatic.net/common/?src=https%3A%2F%2Fldb-phinf.pstatic.net%2F20200629_172%2F1593441156229TC7IU_JPEG%2FYlyT26opkvwv0Fm5p1SBXXvF.jpg' ),
(	10032	, 'https://search.pstatic.net/common/?src=https%3A%2F%2Fldb-phinf.pstatic.net%2F20200629_172%2F1593441156229TC7IU_JPEG%2FYlyT26opkvwv0Fm5p1SBXXvF.jpg' ),
(	10032	, 'https://search.pstatic.net/common/?src=http%3A%2F%2Fblogfiles.naver.net%2FMjAyNDA2MDZfMjE0%2FMDAxNzE3NjM4ODczNzMx.3w1nA9LfTkaf4m1v0BCi3RQaa_OrG97xIUnefW0j20og.yDw5S0A_5zfo-SJFwRZsWI24_PVVegEYdS-NGT3w6DQg.JPEG%2FIMG_8960.jpeg' ),
(	10032	, 'https://search.pstatic.net/common/?src=http%3A%2F%2Fblogfiles.naver.net%2FMjAyNDA5MTBfMTQ4%2FMDAxNzI1OTc3MzgzNjM3.-91gUtVnn9G3zbP9tzDVaAbG1tx01ysXPwR6hvvQ55og.5-ckjgpzZHALu6Cf1t6GXhiT5S1tF6qp4vkizU3dAIIg.JPEG%2FIMG_2514.jpg' ),
(	10033	, 'https://search.pstatic.net/common/?src=https%3A%2F%2Fldb-phinf.pstatic.net%2F20200117_281%2F1579271189213igWmC_JPEG%2FeUK-Tvhb0ggTfFUBkB5JbMgW.jpg' ),
(	10033	, 'https://search.pstatic.net/common/?src=https%3A%2F%2Fldb-phinf.pstatic.net%2F20200117_281%2F1579271189213igWmC_JPEG%2FeUK-Tvhb0ggTfFUBkB5JbMgW.jpg' ),
(	10033	, 'https://search.pstatic.net/common/?src=https%3A%2F%2Fldb-phinf.pstatic.net%2F20200117_281%2F1579271189213igWmC_JPEG%2FeUK-Tvhb0ggTfFUBkB5JbMgW.jpg' ),
(	10033	, 'https://search.pstatic.net/common/?src=http%3A%2F%2Fblogfiles.naver.net%2FMjAyNDA4MTNfMjcz%2FMDAxNzIzNTU2ODA1ODYw.IX6jWfJVgLdaR8rvqv9xdBVSHTfsxd6fRRXZc1lvpRsg.crg0jFVZdloVNmttDdOtf3uAChT7-wenr0uxykkVIIQg.JPEG%2FIMG_0036.jpg' ),
(	10033	, 'https://search.pstatic.net/common/?src=http%3A%2F%2Fblogfiles.naver.net%2FMjAyNDA4MTNfMjcz%2FMDAxNzIzNTU2ODA1ODYw.IX6jWfJVgLdaR8rvqv9xdBVSHTfsxd6fRRXZc1lvpRsg.crg0jFVZdloVNmttDdOtf3uAChT7-wenr0uxykkVIIQg.JPEG%2FIMG_0036.jpg' ),
(	10033	, 'https://search.pstatic.net/common/?src=http%3A%2F%2Fblogfiles.naver.net%2FMjAyNDA4MTNfMjcz%2FMDAxNzIzNTU2ODA1ODYw.IX6jWfJVgLdaR8rvqv9xdBVSHTfsxd6fRRXZc1lvpRsg.crg0jFVZdloVNmttDdOtf3uAChT7-wenr0uxykkVIIQg.JPEG%2FIMG_0036.jpg' ),
(	10033	, 'https://search.pstatic.net/common/?src=https%3A%2F%2Fldb-phinf.pstatic.net%2F20200808_1%2F1596831455633Tpzol_JPEG%2F3TqeiW72QLx934Z1-bcEcLWd.jpeg.jpg' ),
(	10033	, 'https://search.pstatic.net/common/?src=https%3A%2F%2Fldb-phinf.pstatic.net%2F20200808_1%2F1596831455633Tpzol_JPEG%2F3TqeiW72QLx934Z1-bcEcLWd.jpeg.jpg' ),
(	10033	, 'https://search.pstatic.net/common/?src=https%3A%2F%2Fpup-review-phinf.pstatic.net%2FMjAyNDEwMDdfMjUz%2FMDAxNzI4MjczNTc5OTEw.g7ZThXC8WsM8R1W6RY7WfVC0_XPQMLVXesLfPwR2KQIg.Hmn_W5snRnMjAzXueJP-Zxoes78bOOu_udVVjIO0588g.JPEG%2F1000092645.jpg.jpg%3Ftype%3Dw1500_60_sharpen	 ' ),
(	10033	, 'https://search.pstatic.net/common/?src=http%3A%2F%2Fblogfiles.naver.net%2FMjAyNDA4MTRfMjUw%2FMDAxNzIzNjQ1OTAxNTMz.MVt_rjjfHFqRv8pzkrPdvzziDg-mdLiywVYBnbhA00Ug.VNeBXMCzJBOFpSbuU0AlOx0_XxhoIxf3jFyHLmC_nJkg.JPEG%2FP20240621_121536803_AAA3F89D-32F5-4834-B414-EB93E01D3719.jpg' ),
(	10034	, 'https://search.pstatic.net/common/?src=https%3A%2F%2Fldb-phinf.pstatic.net%2F20160705_2%2F14676990026222gUCQ_JPEG%2F_46.jpg' ),
(	10034	, 'https://search.pstatic.net/common/?src=https%3A%2F%2Fldb-phinf.pstatic.net%2F20160705_109%2F14676990026842O0m9_JPEG%2F_45.jpg' ),
(	10034	, 'https://search.pstatic.net/common/?src=https%3A%2F%2Fldb-phinf.pstatic.net%2F20160705_296%2F1467699002764gtHuJ_JPEG%2F_44.jpg' ),
(	10034	, 'https://search.pstatic.net/common/?src=https%3A%2F%2Fpup-review-phinf.pstatic.net%2FMjAyNDEwMDJfMTU5%2FMDAxNzI3ODYyMjA4MTA2.feuc0T21VvmOW6gcZY4fOGhJxhYrAqlXEp-imR_UMBUg.cxA3iKufRMImPXCRRQDRtpCNT2VhLtCqhzmYsXIuFlYg.JPEG%2F1000044235.jpg.jpg%3Ftype%3Dw1500_60_sharpen	 ' ),
(	10034	, 'https://search.pstatic.net/common/?src=http%3A%2F%2Fblogfiles.naver.net%2FMjAyNDA4MjBfMzgg%2FMDAxNzI0MTQxMTg4Mjkw.E1ssFC0J4-JaGr6LLt6xgmhRg5SgXVS_vF-RraaIy_wg.UJjvT523Fk6ezurvpAIwVECx1R2W8O3nKCAQL1w_eFUg.JPEG%2FSAM%25A3%25DF1901%25A3%25AD0.jpg' ),
(	10034	, 'https://search.pstatic.net/common/?src=http%3A%2F%2Fblogfiles.naver.net%2FMjAyNDA4MDFfMTc5%2FMDAxNzIyNDk0MDY2OTU2.rSJQzKd77OWAXKSe7LHtRAcUYdNg8_UXSBBXuq1l-bwg.n1thxsoPlBfmKqfiwArbuUr3SPm9cws-kyX1qsPuoIkg.JPEG%2FIMG_3135.jpeg' ),
(	10034	, 'https://search.pstatic.net/common/?src=http%3A%2F%2Fblogfiles.naver.net%2FMjAyNDA4MDFfMTc5%2FMDAxNzIyNDk0MDY2OTU2.rSJQzKd77OWAXKSe7LHtRAcUYdNg8_UXSBBXuq1l-bwg.n1thxsoPlBfmKqfiwArbuUr3SPm9cws-kyX1qsPuoIkg.JPEG%2FIMG_3135.jpeg' ),
(	10034	, 'https://search.pstatic.net/common/?src=http%3A%2F%2Fblogfiles.naver.net%2FMjAyNDA4MDFfMTc5%2FMDAxNzIyNDk0MDY2OTU2.rSJQzKd77OWAXKSe7LHtRAcUYdNg8_UXSBBXuq1l-bwg.n1thxsoPlBfmKqfiwArbuUr3SPm9cws-kyX1qsPuoIkg.JPEG%2FIMG_3135.jpeg' ),
(	10034	, 'https://search.pstatic.net/common/?src=http%3A%2F%2Fblogfiles.naver.net%2FMjAyNDA4MDFfMTc5%2FMDAxNzIyNDk0MDY2OTU2.rSJQzKd77OWAXKSe7LHtRAcUYdNg8_UXSBBXuq1l-bwg.n1thxsoPlBfmKqfiwArbuUr3SPm9cws-kyX1qsPuoIkg.JPEG%2FIMG_3135.jpeg' ),
(	10034	, 'https://search.pstatic.net/common/?src=http%3A%2F%2Fblogfiles.naver.net%2FMjAyNDA4MDFfMTc5%2FMDAxNzIyNDk0MDY2OTU2.rSJQzKd77OWAXKSe7LHtRAcUYdNg8_UXSBBXuq1l-bwg.n1thxsoPlBfmKqfiwArbuUr3SPm9cws-kyX1qsPuoIkg.JPEG%2FIMG_3135.jpeg' ),
(	10035	, 'https://search.pstatic.net/common/?src=https%3A%2F%2Fpup-review-phinf.pstatic.net%2FMjAyNDA3MDdfOTcg%2FMDAxNzIwMzQ4NzU5NjY1.vC4Kf3cKzzRQbvGZ2DE-EVgFpaWiFuVe6HM-BQ655Jkg._id_CA_SMXSiGa0rtYngm9l6qT4kXcTVUIYmhskV218g.JPEG%2F20240509_140735.jpg.jpg%3Ftype%3Dw1500_60_sharpen	 ' ),
(	10035	, 'https://search.pstatic.net/common/?src=https%3A%2F%2Fpup-review-phinf.pstatic.net%2FMjAyNDA0MTRfNDkg%2FMDAxNzEzMDg1MjMyNzEz.DYFeU6sUSYcePDtsYFHF8P1D0HgLhRJPtvd-HwxKb_kg.9fkOu70ghPKklOr1XRgSlnclew5Ic4CX7T3Npp144P4g.JPEG%2F20240408_122324.jpg.jpg%3Ftype%3Dw1500_60_sharpen	 ' ),
(	10035	, 'https://search.pstatic.net/common/?src=https%3A%2F%2Fpup-review-phinf.pstatic.net%2FMjAyNDAzMjhfMjQz%2FMDAxNzExNjA4MTEwNDk0.0SMSIk83JZg3zJmrcUmNXEj3mFEV3E3y-EvPw7JMdZgg.ZcJHQY9jpWVulliLhjRFJ9PpCWBPKDy-xOi_HKPXeBIg.JPEG%2F8405D777-96CE-4A52-BD43-BC004EF42155.jpeg%3Ftype%3Dw1500_60_sharpen	 ' ),
(	10035	, 'https://search.pstatic.net/common/?src=http%3A%2F%2Fblogfiles.naver.net%2FMjAyNDA4MjhfMjUy%2FMDAxNzI0ODEzMTIzODAw.bNibsJ3EG_JwpUi3yBHObar8zMP8GGa_z_MqvQgiJ74g.VdOt95wqtEs1v0-E2BrO3OF5lZ-Q0BMbMNTS3grfCBIg.JPEG%2FIMG_7935.JPg' ),
(	10035	, 'https://search.pstatic.net/common/?src=http%3A%2F%2Fblogfiles.naver.net%2FMjAyNDA4MjhfMjUy%2FMDAxNzI0ODEzMTIzODAw.bNibsJ3EG_JwpUi3yBHObar8zMP8GGa_z_MqvQgiJ74g.VdOt95wqtEs1v0-E2BrO3OF5lZ-Q0BMbMNTS3grfCBIg.JPEG%2FIMG_7935.JPg' ),
(	10035	, 'https://search.pstatic.net/common/?src=http%3A%2F%2Fblogfiles.naver.net%2FMjAyNDA4MjhfMjUy%2FMDAxNzI0ODEzMTIzODAw.bNibsJ3EG_JwpUi3yBHObar8zMP8GGa_z_MqvQgiJ74g.VdOt95wqtEs1v0-E2BrO3OF5lZ-Q0BMbMNTS3grfCBIg.JPEG%2FIMG_7935.JPg' ),
(	10035	, 'https://search.pstatic.net/common/?src=http%3A%2F%2Fblogfiles.naver.net%2FMjAyNDA4MjhfMjUy%2FMDAxNzI0ODEzMTIzODAw.bNibsJ3EG_JwpUi3yBHObar8zMP8GGa_z_MqvQgiJ74g.VdOt95wqtEs1v0-E2BrO3OF5lZ-Q0BMbMNTS3grfCBIg.JPEG%2FIMG_7935.JPg' ),
(	10035	, 'https://search.pstatic.net/common/?src=https%3A%2F%2Fpup-review-phinf.pstatic.net%2FMjAyNDAyMjdfOTgg%2FMDAxNzA5MDIzOTg4NTU3.ff7KNO484-t5XzrnL7mPMBqDhv9-VYnXJt3TeSOXjmIg.vr_gkBh1eDFeHoMyAc09oewo5GnbT7Ec-IM0Tch1jdwg.JPEG%2F1708928900897.jpg.jpg%3Ftype%3Dw1500_60_sharpen	 ' ),
(	10035	, 'https://search.pstatic.net/common/?src=https%3A%2F%2Fpup-review-phinf.pstatic.net%2FMjAyNDAyMjdfOTgg%2FMDAxNzA5MDIzOTg4NTU3.ff7KNO484-t5XzrnL7mPMBqDhv9-VYnXJt3TeSOXjmIg.vr_gkBh1eDFeHoMyAc09oewo5GnbT7Ec-IM0Tch1jdwg.JPEG%2F1708928900897.jpg.jpg%3Ftype%3Dw1500_60_sharpen	 ' ),
(	10035	, 'https://search.pstatic.net/common/?src=http%3A%2F%2Fblogfiles.naver.net%2FMjAyNDA2MDNfMjUy%2FMDAxNzE3MzcxNzIwOTA1.uSAwSpbyvZdhS-5vS65WI7Xv-HFInJFTER7V6MUTXuUg.qUMb2Hf4ijy2ycmcMf2O9t1ravHDlJQmgxAquJpoLqkg.JPEG%2FIMG_5113.jpg' ),
(	10036	, 'https://search.pstatic.net/common/?src=https%3A%2F%2Fldb-phinf.pstatic.net%2F20220716_140%2F1657944342020YXKhM_JPEG%2F1657944312146.jpg' ),
(	10036	, 'https://search.pstatic.net/common/?src=https%3A%2F%2Fpup-review-phinf.pstatic.net%2FMjAyNDA5MTRfMTIg%2FMDAxNzI2MzE5NDU2MDg1.-zF_t7oan78e7tFLcCtWHALqULep9ZA9l8kNrW_ftLwg.lSLSHpeEMefWXG4Vdb76nJk4WaiLvJc1T1TNKLMtTykg.JPEG%2FIMG_7100.jpeg%3Ftype%3Dw1500_60_sharpen	 ' ),
(	10036	, 'https://search.pstatic.net/common/?src=http%3A%2F%2Fblogfiles.naver.net%2FMjAyNDA3MTFfNDEg%2FMDAxNzIwNjIzOTgxNjg5.pJv95nUWmLX1Ts3JrnmveEIvXyk2k9Qyb4T-Gp7jWZkg.gXYRV4BRjF1EEFqCdC09qTNxW8HadyAs5gtda5FBqFMg.JPEG%2F%25BA%25AA%25B3%25B2%25B0%25ED%25C7%25E2%25BD%25C4%25B4%25E71.JPEg' ),
(	10036	, 'https://search.pstatic.net/common/?src=http%3A%2F%2Fblogfiles.naver.net%2FMjAyNDA3MDJfMTM4%2FMDAxNzE5OTMxNjMyODgx.A152GmGoUjcQoAZIDsw4nJSn009OK_1xFG479NJ5_d4g.yEJR8g0v6yG-xcN-7Byr_ffBF3O7vmVehFzc-LuGZCAg.JPEG%2FP20240622_203617762_6ABEA339-B461-4141-8BC7-C0B403854BBC.JPg' ),
(	10036	, 'https://search.pstatic.net/common/?src=http%3A%2F%2Fblogfiles.naver.net%2FMjAyNDA3MDJfMTM4%2FMDAxNzE5OTMxNjMyODgx.A152GmGoUjcQoAZIDsw4nJSn009OK_1xFG479NJ5_d4g.yEJR8g0v6yG-xcN-7Byr_ffBF3O7vmVehFzc-LuGZCAg.JPEG%2FP20240622_203617762_6ABEA339-B461-4141-8BC7-C0B403854BBC.JPg' ),
(	10036	, 'https://search.pstatic.net/common/?src=https%3A%2F%2Fpup-review-phinf.pstatic.net%2FMjAyNDA5MTRfNDQg%2FMDAxNzI2MzE5NDU2MTgy.9W6-zohqhJQg7anSv3l5XBa31iCEB4OkrgxNKa2wL4Qg.cI2sso_D9GK5Oj748SkVlcc8ma0HuuvlZIMF9aFRW8gg.JPEG%2FIMG_7123.jpeg%3Ftype%3Dw1500_60_sharpen	 ' ),
(	10036	, 'https://search.pstatic.net/common/?src=http%3A%2F%2Fblogfiles.naver.net%2FMjAyNDA5MzBfMTUw%2FMDAxNzI3Njg4ODMzMDAx.rYuKsiQ5yQi-x2kZNio9pddoNYcuxJrK8JP5MW3W2lQg.Nj1xgCxP8BoEGMMbDyy9TcFVrLeu34ANd3NL82A9S6Yg.JPEG%2FKakaoTalk_20240930_130512812_08.jpg' ),
(	10036	, 'https://search.pstatic.net/common/?src=https%3A%2F%2Fpup-review-phinf.pstatic.net%2FMjAyNDA5MTRfNDUg%2FMDAxNzI2MzE5NDU1OTk4.pPKDmqpUc-K8q-WStajPid3830XxsaMgjZJOBtnInZwg.X7QTdL2VHqJuHYNHpHMJAmyd5rXUqqNT6ilQgnN-kocg.JPEG%2FIMG_7104.jpeg%3Ftype%3Dw1500_60_sharpen	 ' ),
(	10036	, 'https://search.pstatic.net/common/?src=https%3A%2F%2Fpup-review-phinf.pstatic.net%2FMjAyNDA5MTRfNTUg%2FMDAxNzI2MzE5NDU5MjM5.7qgkY37o3k92KP9kRJBiPby2FuttlmjNVNoAQ496IMwg.5OtRqgeRrFUoUFShq0RCE9AZhao7dYZ8r2FEWRHztU8g.JPEG%2FIMG_7105.jpeg%3Ftype%3Dw1500_60_sharpen	 ' ),
(	10036	, 'https://search.pstatic.net/common/?src=https%3A%2F%2Fpup-review-phinf.pstatic.net%2FMjAyNDA4MDlfMjY2%2FMDAxNzIzMTgzMTIzNzAx.ng3BZK-kfWKVqrDzrlUjhOdgUjRr9pwXHeM0AcMB_fEg.J7SUGdUm37Nn-70fnQk2wXRkaU14K4Cts14yWdQ-2YMg.JPEG%2F1000021658.jpg.jpg%3Ftype%3Dw1500_60_sharpen	 ' ),
(	10037	, 'https://search.pstatic.net/common/?src=https%3A%2F%2Fpup-review-phinf.pstatic.net%2FMjAyNDEwMDdfMTA0%2FMDAxNzI4MjU5NTI3MzA3.4Deg1WMrTUBhDuIGcMMw1M7oB_HBkR6d17llHLOsmNMg.QAjWenSo5iHo9CKkft91WzWXt9A_L0zx4Jq1shdv-bog.JPEG%2F1000045343.jpg.jpg%3Ftype%3Dw1500_60_sharpen	 ' ),
(	10037	, 'https://search.pstatic.net/common/?src=https%3A%2F%2Fpup-review-phinf.pstatic.net%2FMjAyNDEwMDdfMTA0%2FMDAxNzI4MjU5NTI3MzA3.4Deg1WMrTUBhDuIGcMMw1M7oB_HBkR6d17llHLOsmNMg.QAjWenSo5iHo9CKkft91WzWXt9A_L0zx4Jq1shdv-bog.JPEG%2F1000045343.jpg.jpg%3Ftype%3Dw1500_60_sharpen	 ' ),
(	10037	, 'https://search.pstatic.net/common/?src=http%3A%2F%2Fblogfiles.naver.net%2FMjAyNDA1MjZfMTYw%2FMDAxNzE2NzIyMzQ1Mjc0.uM-CxEi5fv0oa-NuqIeJM8-Bk8nTQXMUcd5pQen6Drgg.AOIsVxU9FE0BWg1qH_ADtARJImqm7MofcQcfcdDudNAg.JPEG%2FIMG_9506.jpeg' ),
(	10037	, 'https://search.pstatic.net/common/?src=http%3A%2F%2Fblogfiles.naver.net%2FMjAyNDA4MTVfMjgz%2FMDAxNzIzNzI0MTM3NTc4.ZShcjwfm57KizQwluG3N8HvHT9U901Bs4TWqqLRAxbUg.I7kRpgx-d-tw3eNJ0KM-uVELMfa7kV8A-tJAOhUSiNog.JPEG%2F003._%25BF%25EB%25B9%25D9%25C0%25A7_%25BD%25C4%25B4%25E7.JPg' ),
(	10037	, 'https://search.pstatic.net/common/?src=http%3A%2F%2Fblogfiles.naver.net%2FMjAyNDA4MTVfMjgz%2FMDAxNzIzNzI0MTM3NTc4.ZShcjwfm57KizQwluG3N8HvHT9U901Bs4TWqqLRAxbUg.I7kRpgx-d-tw3eNJ0KM-uVELMfa7kV8A-tJAOhUSiNog.JPEG%2F003._%25BF%25EB%25B9%25D9%25C0%25A7_%25BD%25C4%25B4%25E7.JPg' ),
(	10037	, 'https://search.pstatic.net/common/?src=http%3A%2F%2Fblogfiles.naver.net%2FMjAyNDA4MTVfMjgz%2FMDAxNzIzNzI0MTM3NTc4.ZShcjwfm57KizQwluG3N8HvHT9U901Bs4TWqqLRAxbUg.I7kRpgx-d-tw3eNJ0KM-uVELMfa7kV8A-tJAOhUSiNog.JPEG%2F003._%25BF%25EB%25B9%25D9%25C0%25A7_%25BD%25C4%25B4%25E7.JPg' ),
(	10037	, 'https://search.pstatic.net/common/?src=http%3A%2F%2Fblogfiles.naver.net%2FMjAyNDA4MTVfMjgz%2FMDAxNzIzNzI0MTM3NTc4.ZShcjwfm57KizQwluG3N8HvHT9U901Bs4TWqqLRAxbUg.I7kRpgx-d-tw3eNJ0KM-uVELMfa7kV8A-tJAOhUSiNog.JPEG%2F003._%25BF%25EB%25B9%25D9%25C0%25A7_%25BD%25C4%25B4%25E7.JPg' ),
(	10037	, 'https://search.pstatic.net/common/?src=http%3A%2F%2Fblogfiles.naver.net%2FMjAyNDEwMDJfMjQx%2FMDAxNzI3ODYwNzYxOTAz.w7qNpVT1u3quK946weB0Md4C5TdLqLD3ai5WNr9x8qYg.ZbrL5JJ1sfKk0NvLkig_DZ5IbaEKHdhejulGCp_KHLUg.JPEG%2F20241001_095340.jpg' ),
(	10037	, 'https://search.pstatic.net/common/?src=http%3A%2F%2Fblogfiles.naver.net%2FMjAyNDA4MTBfNTkg%2FMDAxNzIzMjk3Mjk2OTQ1.GcUO548bEjZ8SPo52jgBbn8yiQhT-QjgKHm9bIwmW6og.DG9UKZR3Yy7KJqI1xU7mFR_On_ZfwrGbKQb15gNssu8g.JPEG%2FKakaoTalk_20240810_223411082_01.jpg' ),
(	10037	, 'https://search.pstatic.net/common/?src=https%3A%2F%2Fpup-review-phinf.pstatic.net%2FMjAyNDEwMDZfMjI3%2FMDAxNzI4MjA1ODc1MTU4.yFRW_hIdUQMbTAHSiecebnbsFH5MFZMunpOwnMWkJHYg.1ELAvFj1cpNqmkRKro9SfZSJc976XhxNm0eZAycgHWYg.JPEG%2F1000011096.jpg.jpg%3Ftype%3Dw1500_60_sharpen	 ' ),
(	10038	, 'https://search.pstatic.net/common/?src=https%3A%2F%2Fldb-phinf.pstatic.net%2F20220807_58%2F1659798193378K5RvH_JPEG%2FScreenshot_20220806-123323_Instagram.jpg' ),
(	10038	, 'https://search.pstatic.net/common/?src=https%3A%2F%2Fpup-review-phinf.pstatic.net%2FMjAyNDEwMDZfMTQ2%2FMDAxNzI4MTg5NTgwOTUz.0mBoBczRkMZm4CU2JIlsvi-SVusUYHn2rQke071jkjsg.y8XPNfdRz_onFBd0SgR3qXGxPVoita6y1tCxnRzCcK8g.JPEG%2F1000010391.jpg.jpg%3Ftype%3Dw1500_60_sharpen	 ' ),
(	10038	, 'https://search.pstatic.net/common/?src=https%3A%2F%2Fpup-review-phinf.pstatic.net%2FMjAyNDEwMDZfMTY2%2FMDAxNzI4MTg5NTgwODI3.7ee7W2mLsmaqzBAVhKwCvzOn3p1fN6mf9KqM29ZIo5Ig.N2_sDRn3gwDXKErLAcglDcm-5Ubr6atedTZICVupu2Ug.JPEG%2F1000010392.jpg.jpg%3Ftype%3Dw1500_60_sharpen	 ' ),
(	10038	, 'https://search.pstatic.net/common/?src=http%3A%2F%2Fblogfiles.naver.net%2FMjAyNDA5MThfMTIx%2FMDAxNzI2NjQzNTQzOTk3.lFXlo3ztEijMtqbQ-bwPypHOBu0Ezw3OqvlpCFiuq9gg.HitNQB42cN4nik4CcDZLMaUdKQMmZgvwr-zEdS6SOekg.JPEG%2F20240819_110744.jpg' ),
(	10038	, 'https://search.pstatic.net/common/?src=http%3A%2F%2Fblogfiles.naver.net%2FMjAyNDEwMDRfMjk1%2FMDAxNzI4MDE5OTAzMjQw.RPw4EzRi1-RSC-LN1-UiwsYbvwSyLaiTAqr3f-HWS7cg.1ejm4BCi5l8nG7kKbsdK7wzPOXaWSBO7a7-qRRkiWEEg.JPEG%2FKakaoTalk_20240915_205828218_07.jpg' ),
(	10038	, 'https://search.pstatic.net/common/?src=http%3A%2F%2Fblogfiles.naver.net%2FMjAyNDA3MjBfMTIz%2FMDAxNzIxNDA2NTcyMzA1.O1ZRXd3xFr06z1YWkE8q9PcGTSJkBvopypYW5bTI6Vsg.67iKBmBaFcdQnfKYYFSaNyTqK8FPEdguP2_igRUfD28g.JPEG%2F20240715%25A3%25DF115501.jpg' ),
(	10038	, 'https://search.pstatic.net/common/?src=https%3A%2F%2Fpup-review-phinf.pstatic.net%2FMjAyNDEwMDZfMTky%2FMDAxNzI4MTg5NTgwNDk3.0d6ikseOeSnzJN2GSUIXj6_T7SGsbzQbp4xUsZdfHf8g.1DFq35-USGIF06m14tV28tjiLFVl8yyz05iAr30VRgIg.JPEG%2F1000010393.jpg.jpg%3Ftype%3Dw1500_60_sharpen	 ' ),
(	10038	, 'https://search.pstatic.net/common/?src=https%3A%2F%2Fpup-review-phinf.pstatic.net%2FMjAyNDEwMDZfMTcx%2FMDAxNzI4MTg5NTgwMzQw.fZcSz_JdAneIHKNeOteZjJCVIH2wYmLChm2T9LTk9yQg.MaC5qlzKg74tSGfcW9mMa62SPbK_biXFosvfjqrxPMAg.JPEG%2F1000010395.jpg.jpg%3Ftype%3Dw1500_60_sharpen	 ' ),
(	10038	, 'https://search.pstatic.net/common/?src=https%3A%2F%2Fpup-review-phinf.pstatic.net%2FMjAyNDEwMDZfMTcx%2FMDAxNzI4MTg5NTgwMzQw.fZcSz_JdAneIHKNeOteZjJCVIH2wYmLChm2T9LTk9yQg.MaC5qlzKg74tSGfcW9mMa62SPbK_biXFosvfjqrxPMAg.JPEG%2F1000010395.jpg.jpg%3Ftype%3Dw1500_60_sharpen	 ' ),
(	10038	, 'https://search.pstatic.net/common/?src=https%3A%2F%2Fpup-review-phinf.pstatic.net%2FMjAyNDEwMDFfMTM3%2FMDAxNzI3NzU4Mjg0MTM0.ztrtfLi9ZGamTynm87Z9DG0hjFJQvwxQbe40o2bG6_og.9zIFegh3_4TeMKfk7TRHxfxZlnApdEBXZdcBKH7d9jUg.JPEG%2F1000053423.jpg.jpg%3Ftype%3Dw1500_60_sharpen	 ' ),
(	10039	, 'https://search.pstatic.net/common/?src=https%3A%2F%2Fldb-phinf.pstatic.net%2F20200824_183%2F1598272832598ye1jq_JPEG%2FQdG-4pWxxkxlRh1CmEUpB5WJ.jpg' ),
(	10039	, 'https://search.pstatic.net/common/?src=https%3A%2F%2Fpup-review-phinf.pstatic.net%2FMjAyNDEwMDVfMjY1%2FMDAxNzI4MTM0NjQ5ODcy.xYBa-jJFIhiPcZdX2Zezuwn6WpSJC0punKVRvoFOEXMg.P2kRCOd1rK249U5iNgV2q0CgHPPCvS_CqxQZDR1slLIg.JPEG%2F1000046184.jpg.jpg%3Ftype%3Dw1500_60_sharpen	 ' ),
(	10039	, 'https://search.pstatic.net/common/?src=https%3A%2F%2Fpup-review-phinf.pstatic.net%2FMjAyNDEwMDVfMjg1%2FMDAxNzI4MDkyMjE3NTky.ZeTKQxMmG6-ePBh-ObORzMb2AXo_-VuOYQpgR7SGF4Ug.lne1kUUC74_BesTBT-JR1mXLHZkYwj-bZFFbbwKO6F8g.JPEG%2FD6E5EE72-8751-411D-8519-E775E831AE90.jpeg%3Ftype%3Dw1500_60_sharpen	 ' ),
(	10039	, 'https://search.pstatic.net/common/?src=https%3A%2F%2Fpup-review-phinf.pstatic.net%2FMjAyNDEwMDVfMjg1%2FMDAxNzI4MDkyMjE3NTky.ZeTKQxMmG6-ePBh-ObORzMb2AXo_-VuOYQpgR7SGF4Ug.lne1kUUC74_BesTBT-JR1mXLHZkYwj-bZFFbbwKO6F8g.JPEG%2FD6E5EE72-8751-411D-8519-E775E831AE90.jpeg%3Ftype%3Dw1500_60_sharpen	 ' ),
(	10039	, 'https://search.pstatic.net/common/?src=https%3A%2F%2Fpup-review-phinf.pstatic.net%2FMjAyNDEwMDVfMjg1%2FMDAxNzI4MDkyMjE3NTky.ZeTKQxMmG6-ePBh-ObORzMb2AXo_-VuOYQpgR7SGF4Ug.lne1kUUC74_BesTBT-JR1mXLHZkYwj-bZFFbbwKO6F8g.JPEG%2FD6E5EE72-8751-411D-8519-E775E831AE90.jpeg%3Ftype%3Dw1500_60_sharpen	 ' ),
(	10039	, 'https://search.pstatic.net/common/?src=https%3A%2F%2Fpup-review-phinf.pstatic.net%2FMjAyNDEwMDVfNjQg%2FMDAxNzI4MDkyMjE3NTUx.9Dg0TxKekdOBgUu6nFZKwHYuIvMhozSZaY4xcjs6kwgg.nln4qhNOcCNe-Xqr4esZ3MpN_dhQPR_SRaC4RoteQksg.JPEG%2F8E439DE7-11F1-42FE-8259-13C817FC4CF2.jpeg%3Ftype%3Dw1500_60_sharpen	 ' ),
(	10039	, 'https://search.pstatic.net/common/?src=https%3A%2F%2Fpup-review-phinf.pstatic.net%2FMjAyNDEwMDVfNjQg%2FMDAxNzI4MDkyMjE3NTUx.9Dg0TxKekdOBgUu6nFZKwHYuIvMhozSZaY4xcjs6kwgg.nln4qhNOcCNe-Xqr4esZ3MpN_dhQPR_SRaC4RoteQksg.JPEG%2F8E439DE7-11F1-42FE-8259-13C817FC4CF2.jpeg%3Ftype%3Dw1500_60_sharpen	 ' ),
(	10039	, 'https://search.pstatic.net/common/?src=https%3A%2F%2Fpup-review-phinf.pstatic.net%2FMjAyNDEwMDVfNjQg%2FMDAxNzI4MDkyMjE3NTUx.9Dg0TxKekdOBgUu6nFZKwHYuIvMhozSZaY4xcjs6kwgg.nln4qhNOcCNe-Xqr4esZ3MpN_dhQPR_SRaC4RoteQksg.JPEG%2F8E439DE7-11F1-42FE-8259-13C817FC4CF2.jpeg%3Ftype%3Dw1500_60_sharpen	 ' ),
(	10039	, 'https://search.pstatic.net/common/?src=http%3A%2F%2Fblogfiles.naver.net%2FMjAyNDA0MjZfMzgg%2FMDAxNzE0MTAxNzg1MzUy.3IAqooHUm6B3C8Xi-pDJMfkKDUhifoNP5Txn-MhNkaUg.qbK_tXORlgILDFgpQg5e-hWgXAeviMsyoZlR7q-7vusg.JPEG%2F%25B1%25E2%25BA%25BB%25C2%25F9.jpeg' ),
(	10039	, 'https://search.pstatic.net/common/?src=http%3A%2F%2Fblogfiles.naver.net%2FMjAyNDA0MjZfMzgg%2FMDAxNzE0MTAxNzg1MzUy.3IAqooHUm6B3C8Xi-pDJMfkKDUhifoNP5Txn-MhNkaUg.qbK_tXORlgILDFgpQg5e-hWgXAeviMsyoZlR7q-7vusg.JPEG%2F%25B1%25E2%25BA%25BB%25C2%25F9.jpeg' ),
(	10040	, 'https://search.pstatic.net/common/?src=https%3A%2F%2Fldb-phinf.pstatic.net%2F20230701_219%2F1688190540368RqHad_JPEG%2F1513124110466.jpg' ),
(	10040	, 'https://search.pstatic.net/common/?src=https%3A%2F%2Fldb-phinf.pstatic.net%2F20230716_39%2F1689485267028kFcmU_JPEG%2FDSCF7659-01.jpeg' ),
(	10040	, 'https://search.pstatic.net/common/?src=https%3A%2F%2Fpup-review-phinf.pstatic.net%2FMjAyNDA5MThfMTk3%2FMDAxNzI2NjQzOTM1MTg5.HZ0PYXQC49UkewtOiS2pvT1b_keu2t2pqzlpz5Q8uMAg.p8zAj-OcG60hxWHwkWf7CZQKa_vm7jU8ICqXkb9yIvUg.JPEG%2F1E07D834-E009-4B4F-9C7C-FFBF818C1128.jpeg%3Ftype%3Dw1500_60_sharpen	 ' ),
(	10040	, 'https://search.pstatic.net/common/?src=https%3A%2F%2Fpup-review-phinf.pstatic.net%2FMjAyNDA5MThfMTk3%2FMDAxNzI2NjQzOTM1MTg5.HZ0PYXQC49UkewtOiS2pvT1b_keu2t2pqzlpz5Q8uMAg.p8zAj-OcG60hxWHwkWf7CZQKa_vm7jU8ICqXkb9yIvUg.JPEG%2F1E07D834-E009-4B4F-9C7C-FFBF818C1128.jpeg%3Ftype%3Dw1500_60_sharpen	 ' ),
(	10040	, 'https://search.pstatic.net/common/?src=https%3A%2F%2Fpup-review-phinf.pstatic.net%2FMjAyNDA5MThfMTk3%2FMDAxNzI2NjQzOTM1MTg5.HZ0PYXQC49UkewtOiS2pvT1b_keu2t2pqzlpz5Q8uMAg.p8zAj-OcG60hxWHwkWf7CZQKa_vm7jU8ICqXkb9yIvUg.JPEG%2F1E07D834-E009-4B4F-9C7C-FFBF818C1128.jpeg%3Ftype%3Dw1500_60_sharpen	 ' ),
(	10040	, 'https://search.pstatic.net/common/?src=https%3A%2F%2Fpup-review-phinf.pstatic.net%2FMjAyNDA5MThfMTk3%2FMDAxNzI2NjQzOTM1MTg5.HZ0PYXQC49UkewtOiS2pvT1b_keu2t2pqzlpz5Q8uMAg.p8zAj-OcG60hxWHwkWf7CZQKa_vm7jU8ICqXkb9yIvUg.JPEG%2F1E07D834-E009-4B4F-9C7C-FFBF818C1128.jpeg%3Ftype%3Dw1500_60_sharpen	 ' ),
(	10040	, 'https://search.pstatic.net/common/?src=http%3A%2F%2Fblogfiles.naver.net%2FMjAyNDA4MThfMjE1%2FMDAxNzIzOTg1MDY5NjM3.zNnJae7USyL88IAIMVFCE7QY0s4YPC93kya1-VoHjlog.mCV6ecWEEJ1wuyM3D5Jj3S5UFK2W6rXi9NVeQbIup18g.JPEG%2FIMG_3272.JPg' ),
(	10040	, 'https://search.pstatic.net/common/?src=http%3A%2F%2Fblogfiles.naver.net%2FMjAyNDA4MThfMjE1%2FMDAxNzIzOTg1MDY5NjM3.zNnJae7USyL88IAIMVFCE7QY0s4YPC93kya1-VoHjlog.mCV6ecWEEJ1wuyM3D5Jj3S5UFK2W6rXi9NVeQbIup18g.JPEG%2FIMG_3272.JPg' ),
(	10040	, 'https://search.pstatic.net/common/?src=https%3A%2F%2Fldb-phinf.pstatic.net%2F20230716_8%2F1689485285797gKfbT_JPEG%2FDSCF7608-01.jpeg' ),
(	10040	, 'https://search.pstatic.net/common/?src=https%3A%2F%2Fldb-phinf.pstatic.net%2F20230716_66%2F1689485275213YDnYh_JPEG%2FDSCF7670-01.jpeg' ),
(	10041	, 'https://search.pstatic.net/common/?src=https%3A%2F%2Fldb-phinf.pstatic.net%2F20150831_285%2F1441017676443fy76t_PNG%2F11678788_0.png' ),
(	10041	, 'https://search.pstatic.net/common/?src=https%3A%2F%2Fldb-phinf.pstatic.net%2F20150831_266%2F1441017677254wDSYs_PNG%2F11678788_1.png' ),
(	10041	, 'https://search.pstatic.net/common/?src=https%3A%2F%2Fldb-phinf.pstatic.net%2F20150831_196%2F1441017678537CEB5e_PNG%2F11678788_2.png' ),
(	10041	, 'https://search.pstatic.net/common/?src=https%3A%2F%2Fldb-phinf.pstatic.net%2F20150831_196%2F1441017678537CEB5e_PNG%2F11678788_2.png' ),
(	10041	, 'https://search.pstatic.net/common/?src=https%3A%2F%2Fldb-phinf.pstatic.net%2F20150831_196%2F1441017678537CEB5e_PNG%2F11678788_2.png' ),
(	10041	, 'https://search.pstatic.net/common/?src=http%3A%2F%2Fblogfiles.naver.net%2FMjAyNDEwMDRfMjU4%2FMDAxNzI4MDI2OTgxMzU2.Nkukud5mHfsdmZQFTOM37_57rz_HKuZBhUPdkzgVVvMg.HEIOvAcnGSReLIu_jvPd4pKlTHqVT3yWffMarqA0t9og.JPEG%2FKakaoTalk_20241004_001419126_18.jpg' ),
(	10041	, 'https://search.pstatic.net/common/?src=http%3A%2F%2Fblogfiles.naver.net%2FMjAyNDA4MjZfMTky%2FMDAxNzI0NjQwNTM4MzUz.wM2ITHhuK74JNB3wn6lI3oGCHvrlHSCPS9gbKjBMjEgg.W1v075MzzJAIO0KgWxLdbOe3RMriM6a_q1bdBkJlynYg.JPEG%2FIMG_2585.JPg' ),
(	10041	, 'https://search.pstatic.net/common/?src=https%3A%2F%2Fldb-phinf.pstatic.net%2F20190430_219%2F1556593448318k2xtv_JPEG%2FCJ4K0OS6NWGLpGt6Tvy4j4qa.jpg' ),
(	10041	, 'https://search.pstatic.net/common/?src=https%3A%2F%2Fldb-phinf.pstatic.net%2F20190430_219%2F1556593448318k2xtv_JPEG%2FCJ4K0OS6NWGLpGt6Tvy4j4qa.jpg' ),
(	10041	, 'https://search.pstatic.net/common/?src=https%3A%2F%2Fpup-review-phinf.pstatic.net%2FMjAyNDA2MTdfMTYw%2FMDAxNzE4NjI3MTIyODAx.BkVVWzKLdAhq95fEaY03NE7VJZvEQfwBrRa9FhNpeqAg.-lpwnzhbNarc-hAB9SJNvU2taT3VHSeWlX_C9Gz3r9Ag.JPEG%2F20240617_182419.jpg.jpg%3Ftype%3Dw1500_60_sharpen	 ' ),
(	10042	, 'https://search.pstatic.net/common/?src=https%3A%2F%2Fpup-review-phinf.pstatic.net%2FMjAyNDEwMDZfNTIg%2FMDAxNzI4MTg1NDI5Njcw.r5075sP2aIr31GDbkI0JSrB4x_oCMgNWh0gbyxtsNvMg.feVznfkZJ2Ytcoy49uABo4e81NWHMy1Nu4hfEkFCkPIg.JPEG%2F1000038613.jpg.jpg%3Ftype%3Dw1500_60_sharpen	 ' ),
(	10042	, 'https://search.pstatic.net/common/?src=http%3A%2F%2Fblogfiles.naver.net%2FMjAyNDA5MDJfMTE3%2FMDAxNzI1MjExMjQ0OTc2.MKIwZ2FLGPbRToWA5TrqpOxhFMYY4WWG3HJbA25HrvQg.22CO70KPUqNqIUf2Ld1JBeo7Yeno-BMNqAE-2Bbx09Eg.JPEG%2FKakaoTalk_20240902_022011340.jpg' ),
(	10042	, 'https://search.pstatic.net/common/?src=http%3A%2F%2Fblogfiles.naver.net%2FMjAyNDA5MDJfMTE3%2FMDAxNzI1MjExMjQ0OTc2.MKIwZ2FLGPbRToWA5TrqpOxhFMYY4WWG3HJbA25HrvQg.22CO70KPUqNqIUf2Ld1JBeo7Yeno-BMNqAE-2Bbx09Eg.JPEG%2FKakaoTalk_20240902_022011340.jpg' ),
(	10042	, 'https://search.pstatic.net/common/?src=http%3A%2F%2Fblogfiles.naver.net%2FMjAyNDA5MDJfMTE3%2FMDAxNzI1MjExMjQ0OTc2.MKIwZ2FLGPbRToWA5TrqpOxhFMYY4WWG3HJbA25HrvQg.22CO70KPUqNqIUf2Ld1JBeo7Yeno-BMNqAE-2Bbx09Eg.JPEG%2FKakaoTalk_20240902_022011340.jpg' ),
(	10042	, 'https://search.pstatic.net/common/?src=https%3A%2F%2Fpup-review-phinf.pstatic.net%2FMjAyNDEwMDZfMTU4%2FMDAxNzI4MTg1NDI4ODAy.iCVnVo1T8lsziTUJ37_LwieIx89RDa7i8jJfjLyZ_pIg.yUVin1bTTTj8G735BKIFovn5XzOjGVaeEP99aAUcVLAg.JPEG%2F1000038611.jpg.jpg%3Ftype%3Dw1500_60_sharpen	 ' ),
(	10042	, 'https://search.pstatic.net/common/?src=https%3A%2F%2Fpup-review-phinf.pstatic.net%2FMjAyNDEwMDZfMTU4%2FMDAxNzI4MTg1NDI4ODAy.iCVnVo1T8lsziTUJ37_LwieIx89RDa7i8jJfjLyZ_pIg.yUVin1bTTTj8G735BKIFovn5XzOjGVaeEP99aAUcVLAg.JPEG%2F1000038611.jpg.jpg%3Ftype%3Dw1500_60_sharpen	 ' ),
(	10042	, 'https://search.pstatic.net/common/?src=https%3A%2F%2Fpup-review-phinf.pstatic.net%2FMjAyNDEwMDZfMTU4%2FMDAxNzI4MTg1NDI4ODAy.iCVnVo1T8lsziTUJ37_LwieIx89RDa7i8jJfjLyZ_pIg.yUVin1bTTTj8G735BKIFovn5XzOjGVaeEP99aAUcVLAg.JPEG%2F1000038611.jpg.jpg%3Ftype%3Dw1500_60_sharpen	 ' ),
(	10042	, 'https://search.pstatic.net/common/?src=https%3A%2F%2Fpup-review-phinf.pstatic.net%2FMjAyNDEwMDZfNDEg%2FMDAxNzI4MTg1NDI4MTgz._C3T2Pk0zpr6tqeiaqhVH01Gd-P2YXsc3g1yZWsAaqUg.4HxR6G-2iS5z2g2Skami1QFh8eoegfKJykZHUSoE_dEg.JPEG%2F1000038615.jpg.jpg%3Ftype%3Dw1500_60_sharpen	 ' ),
(	10042	, 'https://search.pstatic.net/common/?src=https%3A%2F%2Fpup-review-phinf.pstatic.net%2FMjAyNDEwMDZfNDEg%2FMDAxNzI4MTg1NDI4MTgz._C3T2Pk0zpr6tqeiaqhVH01Gd-P2YXsc3g1yZWsAaqUg.4HxR6G-2iS5z2g2Skami1QFh8eoegfKJykZHUSoE_dEg.JPEG%2F1000038615.jpg.jpg%3Ftype%3Dw1500_60_sharpen	 ' ),
(	10042	, 'https://search.pstatic.net/common/?src=https%3A%2F%2Fpup-review-phinf.pstatic.net%2FMjAyNDEwMDZfNDEg%2FMDAxNzI4MTg1NDI4MTgz._C3T2Pk0zpr6tqeiaqhVH01Gd-P2YXsc3g1yZWsAaqUg.4HxR6G-2iS5z2g2Skami1QFh8eoegfKJykZHUSoE_dEg.JPEG%2F1000038615.jpg.jpg%3Ftype%3Dw1500_60_sharpen	 ' ),
(	10043	, 'https://search.pstatic.net/common/?src=https%3A%2F%2Fldb-phinf.pstatic.net%2F20160329_94%2F1459241304516MIMRl_JPEG%2F176279577843241_2.jpg' ),
(	10043	, 'https://search.pstatic.net/common/?src=https%3A%2F%2Fldb-phinf.pstatic.net%2F20160329_153%2F1459241305343oKcdB_JPEG%2F176279577843241_9.jpg' ),
(	10043	, 'https://search.pstatic.net/common/?src=https%3A%2F%2Fldb-phinf.pstatic.net%2F20160329_153%2F1459241305343oKcdB_JPEG%2F176279577843241_9.jpg' ),
(	10043	, 'https://search.pstatic.net/common/?src=https%3A%2F%2Fpup-review-phinf.pstatic.net%2FMjAyNDA5MjlfMjI0%2FMDAxNzI3NjA3MTQ3NzI1.Gjp8QUhh4IRtb119ct9nNqcUEltJA2eNCzFuNNZjYcQg.zw7_kqPWzM8hBE-sDGYVTq2bI-hvebdcq3gaYIWROMgg.JPEG%2FBA80853E-0752-4D6D-8BC0-03F0E2308163.jpeg%3Ftype%3Dw1500_60_sharpen	 ' ),
(	10043	, 'https://search.pstatic.net/common/?src=https%3A%2F%2Fpup-review-phinf.pstatic.net%2FMjAyNDA5MjlfMjI0%2FMDAxNzI3NjA3MTQ3NzI1.Gjp8QUhh4IRtb119ct9nNqcUEltJA2eNCzFuNNZjYcQg.zw7_kqPWzM8hBE-sDGYVTq2bI-hvebdcq3gaYIWROMgg.JPEG%2FBA80853E-0752-4D6D-8BC0-03F0E2308163.jpeg%3Ftype%3Dw1500_60_sharpen	 ' ),
(	10043	, 'https://search.pstatic.net/common/?src=https%3A%2F%2Fpup-review-phinf.pstatic.net%2FMjAyNDA5MjlfMjI0%2FMDAxNzI3NjA3MTQ3NzI1.Gjp8QUhh4IRtb119ct9nNqcUEltJA2eNCzFuNNZjYcQg.zw7_kqPWzM8hBE-sDGYVTq2bI-hvebdcq3gaYIWROMgg.JPEG%2FBA80853E-0752-4D6D-8BC0-03F0E2308163.jpeg%3Ftype%3Dw1500_60_sharpen	 ' ),
(	10043	, 'https://search.pstatic.net/common/?src=http%3A%2F%2Fblogfiles.naver.net%2FMjAyNDA5MDlfMTU5%2FMDAxNzI1ODY0OTkxMDA0.c_NhlAPYBnhN0m4RfR9cChfhyAYTl86OzQ8NgZOTZ7Mg.EtYTL0d-UdS0mm5Z8OVxTcVPCpa_wyLSb7eJ4okxXFMg.JPEG%2FKakaoTalk_20240909_154439730_09.jpg' ),
(	10043	, 'https://search.pstatic.net/common/?src=https%3A%2F%2Fldb-phinf.pstatic.net%2F20160329_98%2F1459241304396VgrFN_JPEG%2F176279577843241_1.jpg' ),
(	10043	, 'https://search.pstatic.net/common/?src=https%3A%2F%2Fldb-phinf.pstatic.net%2F20160329_278%2F1459241304655DXkLW_JPEG%2F176279577843241_3.jpg' ),
(	10043	, 'https://search.pstatic.net/common/?src=https%3A%2F%2Fldb-phinf.pstatic.net%2F20160329_278%2F1459241304655DXkLW_JPEG%2F176279577843241_3.jpg' ),
(	10044	, 'https://search.pstatic.net/common/?src=https%3A%2F%2Fldb-phinf.pstatic.net%2F20181106_244%2F1541469110932X3QlQ_JPEG%2FZZfZcFHsVzQBImBNutafzfgn.jpg' ),
(	10044	, 'https://search.pstatic.net/common/?src=https%3A%2F%2Fldb-phinf.pstatic.net%2F20181106_244%2F1541469110932X3QlQ_JPEG%2FZZfZcFHsVzQBImBNutafzfgn.jpg' ),
(	10044	, 'https://search.pstatic.net/common/?src=https%3A%2F%2Fldb-phinf.pstatic.net%2F20181106_244%2F1541469110932X3QlQ_JPEG%2FZZfZcFHsVzQBImBNutafzfgn.jpg' ),
(	10044	, 'https://search.pstatic.net/common/?src=https%3A%2F%2Fldb-phinf.pstatic.net%2F20181106_244%2F1541469110932X3QlQ_JPEG%2FZZfZcFHsVzQBImBNutafzfgn.jpg' ),
(	10044	, 'https://search.pstatic.net/common/?src=https%3A%2F%2Fldb-phinf.pstatic.net%2F20181106_244%2F1541469110932X3QlQ_JPEG%2FZZfZcFHsVzQBImBNutafzfgn.jpg' ),
(	10044	, 'https://search.pstatic.net/common/?src=https%3A%2F%2Fldb-phinf.pstatic.net%2F20181106_244%2F1541469110932X3QlQ_JPEG%2FZZfZcFHsVzQBImBNutafzfgn.jpg' ),
(	10044	, 'https://search.pstatic.net/common/?src=https%3A%2F%2Fldb-phinf.pstatic.net%2F20181106_244%2F1541469110932X3QlQ_JPEG%2FZZfZcFHsVzQBImBNutafzfgn.jpg' ),
(	10044	, 'https://search.pstatic.net/common/?src=https%3A%2F%2Fldb-phinf.pstatic.net%2F20181106_244%2F1541469110932X3QlQ_JPEG%2FZZfZcFHsVzQBImBNutafzfgn.jpg' ),
(	10044	, 'https://search.pstatic.net/common/?src=https%3A%2F%2Fldb-phinf.pstatic.net%2F20181106_244%2F1541469110932X3QlQ_JPEG%2FZZfZcFHsVzQBImBNutafzfgn.jpg' ),
(	10044	, 'https://search.pstatic.net/common/?src=http%3A%2F%2Fblogfiles.naver.net%2FMjAyNDA4MjVfMjY5%2FMDAxNzI0NTk3NDM1ODgy.ZmFTB8ZFAtMBle15AN8QeOZ-P6aUDCdo1NEHG0HL9qcg.rtvHp9kenVTliXmEMAUmOYk2n0vGHmgOVPxY64eVCA0g.JPEG%2FKakaoTalk_20240825_212051273_13.jpg' ),
(	10045	, 'https://search.pstatic.net/common/?src=https%3A%2F%2Fpup-review-phinf.pstatic.net%2FMjAyNDAzMTZfNjEg%2FMDAxNzEwNTc3NzI1ODc3.6bjeLCQJKbWlCtnOCV12jvQLB-6eaO_acJ6V4yJh-AUg.fRzmlk6IO5umYjYH1cIAT0Otyr1VB5AWJEpPl694xxsg.JPEG%2F20240316_122800.jpg.jpg%3Ftype%3Dw1500_60_sharpen	 ' ),
(	10045	, 'https://search.pstatic.net/common/?src=https%3A%2F%2Fpup-review-phinf.pstatic.net%2FMjAyNDAzMTZfNjEg%2FMDAxNzEwNTc3NzI1ODc3.6bjeLCQJKbWlCtnOCV12jvQLB-6eaO_acJ6V4yJh-AUg.fRzmlk6IO5umYjYH1cIAT0Otyr1VB5AWJEpPl694xxsg.JPEG%2F20240316_122800.jpg.jpg%3Ftype%3Dw1500_60_sharpen	 ' ),
(	10045	, 'https://search.pstatic.net/common/?src=https%3A%2F%2Fpup-review-phinf.pstatic.net%2FMjAyNDAzMTZfMjcy%2FMDAxNzEwNTc3NzI0MzA0.gnuAnxbYrnsJiMYesZDwtV4QFBfcE5KPP38WWyJged0g.Iz1k9ijmnyZjKh5bBF8h0cUToXBeYWu3iumc2QNySVUg.JPEG%2F20240316_115619.jpg.jpg%3Ftype%3Dw1500_60_sharpen	 ' ),
(	10045	, 'https://search.pstatic.net/common/?src=http%3A%2F%2Fblogfiles.naver.net%2FMjAyNDA2MjBfMTAz%2FMDAxNzE4ODc3OTQyMTI5.C6IXRdECSb8cG2fg-JXm4hY-1R2FGa5PaRp7QgYP1Wcg.FXtmnUZMdvX65cVqsOuMP1NQmheHBLj7Yv6ktQCsVRUg.JPEG%2F20240610_134140.jpg' ),
(	10045	, 'https://search.pstatic.net/common/?src=http%3A%2F%2Fimage.nmv.naver.net%2Fblog_2024_07_15_3106%2FY3xDpuS2Ru_01.jpg' ),
(	10045	, 'https://search.pstatic.net/common/?src=https%3A%2F%2Fpup-review-phinf.pstatic.net%2FMjAyNDAzMTZfMTMx%2FMDAxNzEwNTYwMDcxNDE2.UEqi2xpT8x8PtovqlzGiTRhI10Tx2n3LTMz6jJnBWHcg.XpSVFo7io9yO7RrQnU_8ZyLFwfqsvFZyEkEUbuS8FRcg.JPEG%2F1710559857757.jpg.jpg%3Ftype%3Dw1500_60_sharpen	 ' ),
(	10045	, 'https://search.pstatic.net/common/?src=https%3A%2F%2Fpup-review-phinf.pstatic.net%2FMjAyNDAzMTZfMTMx%2FMDAxNzEwNTYwMDcxNDE2.UEqi2xpT8x8PtovqlzGiTRhI10Tx2n3LTMz6jJnBWHcg.XpSVFo7io9yO7RrQnU_8ZyLFwfqsvFZyEkEUbuS8FRcg.JPEG%2F1710559857757.jpg.jpg%3Ftype%3Dw1500_60_sharpen	 ' ),
(	10045	, 'https://search.pstatic.net/common/?src=https%3A%2F%2Fpup-review-phinf.pstatic.net%2FMjAyNDAzMTZfMTMx%2FMDAxNzEwNTYwMDcxNDE2.UEqi2xpT8x8PtovqlzGiTRhI10Tx2n3LTMz6jJnBWHcg.XpSVFo7io9yO7RrQnU_8ZyLFwfqsvFZyEkEUbuS8FRcg.JPEG%2F1710559857757.jpg.jpg%3Ftype%3Dw1500_60_sharpen	 ' ),
(	10045	, 'https://search.pstatic.net/common/?src=http%3A%2F%2Fblogfiles.naver.net%2FMjAyNDAzMTJfMjIy%2FMDAxNzEwMjUyNTkzMzUx.DSH-BbstmOSsz1c51XOluAcRRotaQkhg23xdJsEkPugg.7Iy0ktcGmcOwM1ueZECP0Z5e2sUWKzcqllWNDHbB7okg.JPEG%2FIMG_0377.JPg' ),
(	10045	, 'https://search.pstatic.net/common/?src=http%3A%2F%2Fblogfiles.naver.net%2FMjAyNDAzMTJfMjIy%2FMDAxNzEwMjUyNTkzMzUx.DSH-BbstmOSsz1c51XOluAcRRotaQkhg23xdJsEkPugg.7Iy0ktcGmcOwM1ueZECP0Z5e2sUWKzcqllWNDHbB7okg.JPEG%2FIMG_0377.JPg' ),
(	10046	, 'https://search.pstatic.net/common/?src=https%3A%2F%2Fldb-phinf.pstatic.net%2F20200205_141%2F1580894056652y22Ut_JPEG%2FDedQu3Q8CmLjZyN18s6GRWxk.jpg' ),
(	10046	, 'https://search.pstatic.net/common/?src=https%3A%2F%2Fldb-phinf.pstatic.net%2F20200205_141%2F1580894056652y22Ut_JPEG%2FDedQu3Q8CmLjZyN18s6GRWxk.jpg' ),
(	10046	, 'https://search.pstatic.net/common/?src=https%3A%2F%2Fldb-phinf.pstatic.net%2F20200205_141%2F1580894056652y22Ut_JPEG%2FDedQu3Q8CmLjZyN18s6GRWxk.jpg' ),
(	10046	, 'https://search.pstatic.net/common/?src=https%3A%2F%2Fldb-phinf.pstatic.net%2F20200205_141%2F1580894056652y22Ut_JPEG%2FDedQu3Q8CmLjZyN18s6GRWxk.jpg' ),
(	10046	, 'https://search.pstatic.net/common/?src=https%3A%2F%2Fldb-phinf.pstatic.net%2F20200205_141%2F1580894056652y22Ut_JPEG%2FDedQu3Q8CmLjZyN18s6GRWxk.jpg' ),
(	10046	, 'https://search.pstatic.net/common/?src=https%3A%2F%2Fldb-phinf.pstatic.net%2F20200205_141%2F1580894056652y22Ut_JPEG%2FDedQu3Q8CmLjZyN18s6GRWxk.jpg' ),
(	10046	, 'https://search.pstatic.net/common/?src=https%3A%2F%2Fpup-review-phinf.pstatic.net%2FMjAyNDEwMDJfMTE4%2FMDAxNzI3ODMxNzMyODg3.ARVPKfVdiqhp5hrVr5OYeTGLEcja4uc1hpXm4ScKv6Yg.dgMepdWjIqOp3XUZXMnPRdNx8uSPcnGYE-25gyXzgmEg.JPEG%2F3ADDB5F7-15B9-4A5B-8505-944BE8D1CE22.jpeg%3Ftype%3Dw1500_60_sharpen	 ' ),
(	10046	, 'https://search.pstatic.net/common/?src=http%3A%2F%2Fblogfiles.naver.net%2FMjAyNDAzMjZfNTUg%2FMDAxNzExNDE1NzY1NTA4.KHHx3WFZWekjEhzOSNNvCIDjcGni2MumkiWyTpxroUMg.noy9zfnv3guDIsIcWsvBrbiY0sAHTLs44U47XWAAdnQg.JPEG%2FDSC09242.JPg' ),
(	10046	, 'https://search.pstatic.net/common/?src=http%3A%2F%2Fblogfiles.naver.net%2FMjAyNDA3MTVfNTIg%2FMDAxNzIxMDA1ODc1NjMx.RubeUG33fE9U_8pj1dE1eLljFpEpq2EKEJcDg143i-sg.Ie1Vs9QwRMiNZWqxvNAE7kzK6NlxNNLktNV4AyLt8zcg.JPEG%2FIMG_2338.jpeg' ),
(	10046	, 'https://search.pstatic.net/common/?src=https%3A%2F%2Fpup-review-phinf.pstatic.net%2FMjAyNDA5MjBfMjcg%2FMDAxNzI2ODMxNTU0NzY5.anafKbHaPw7_pNZYv0a0Wv8F5TpYwSTbZePTFQKLJdsg.L-hrGXproL7CAL8IIisSD8QTWQq9Ylgpf-VZzlCJe4Ug.JPEG%2F1000004091.jpg.jpg%3Ftype%3Dw1500_60_sharpen	 ' ),
(	10047	, 'https://search.pstatic.net/common/?src=https%3A%2F%2Fldb-phinf.pstatic.net%2F20150925_107%2F14431609930901BjP3_JPEG%2F166875553329534_0.jpg' ),
(	10047	, 'https://search.pstatic.net/common/?src=https%3A%2F%2Fldb-phinf.pstatic.net%2F20150925_260%2F1443160993484vpa3Y_JPEG%2F166875553329534_1.jpg' ),
(	10047	, 'https://search.pstatic.net/common/?src=https%3A%2F%2Fldb-phinf.pstatic.net%2F20150925_47%2F1443160993777i0wGC_JPEG%2F166875553329534_2.jpg' ),
(	10047	, 'https://search.pstatic.net/common/?src=https%3A%2F%2Fpup-review-phinf.pstatic.net%2FMjAyNDEwMDlfMjAy%2FMDAxNzI4NDM1ODExOTAy.EPEC3q7LvqUdHhiRqome1RhxeOEaO9ZfgJjtu1Stkf0g.DWS9zBpFyh_28CNtdvzRq9IlkVXXYb3FgJZme6v76Ekg.JPEG%2F1000012757.jpg.jpg%3Ftype%3Dw1500_60_sharpen	 ' ),
(	10047	, 'https://search.pstatic.net/common/?src=http%3A%2F%2Fblogfiles.naver.net%2FMjAyNDA1MDlfMTE5%2FMDAxNzE1MTgxNjQ3NzA3.fxBJNlkdsKcjfIocRk4HKxA6XpwNjQ1T7kxkYspwQ34g.9HqAdiTxlPp-uD5mWBoPbD1Omc8pOExRxb2b-GPCd8og.JPEG%2FIMG_8533.jpeg' ),
(	10047	, 'https://search.pstatic.net/common/?src=http%3A%2F%2Fblogfiles.naver.net%2FMjAyNDAzMDNfNDYg%2FMDAxNzA5NDMzNjkyMzk3.UAwk55-Xo3fGIDy8sinZu9MIkhFSNNfLFdmqYMw2O7Ug.SJQJKtH9EzHhSafUizTpl_p8GM-Lt961yAKcdaL-PIkg.JPEG%2FKakaoTalk_Photo_2024-03-03-10-45-13_022.jpeg' ),
(	10047	, 'https://search.pstatic.net/common/?src=https%3A%2F%2Fldb-phinf.pstatic.net%2F20150925_180%2F14431609941035jOoP_JPEG%2F166875553329534_3.jpg' ),
(	10047	, 'https://search.pstatic.net/common/?src=https%3A%2F%2Fldb-phinf.pstatic.net%2F20150925_110%2F1443160994496W7Rys_JPEG%2F166875553329534_4.jpg' ),
(	10047	, 'https://search.pstatic.net/common/?src=https%3A%2F%2Fldb-phinf.pstatic.net%2F20150925_261%2F1443160994824Ysltl_JPEG%2F166875553329534_5.jpg' ),
(	10047	, 'https://search.pstatic.net/common/?src=https%3A%2F%2Fpup-review-phinf.pstatic.net%2FMjAyNDEwMDlfMTkg%2FMDAxNzI4NDM1ODEwOTcw.wm2XfuvZuxfTkWJp7wtoQHYoIfk9aALJLQIj5inpuYgg.fvdlq-FTqvUKbFsxJgNjkkTsgFxEGKw4gJyYmsX2FrAg.JPEG%2F1000012760.jpg.jpg%3Ftype%3Dw1500_60_sharpen	 ' ),
(	10048	, 'https://search.pstatic.net/common/?src=https%3A%2F%2Fldb-phinf.pstatic.net%2F20230717_186%2F1689520574697CiI4j_JPEG%2F%25B8%25DE%25B4%25BA_%25C0%25FC%25C3%25BC%25BC%25A6.jpg' ),
(	10048	, 'https://search.pstatic.net/common/?src=https%3A%2F%2Fldb-phinf.pstatic.net%2F20230714_213%2F1689344156277cPNVz_PNG%2F%25BE%25F6%25B3%25AA%25B9%25AB_%25B4%25A9%25B7%25EE%25C1%25F6_%25C5%25E4%25C1%25BE%25B4%25DF%25B9%25E9%25BC%25F7.png' ),
(	10048	, 'https://search.pstatic.net/common/?src=https%3A%2F%2Fldb-phinf.pstatic.net%2F20210118_22%2F1610969401388angfu_JPEG%2FsDS9d-7Z3-7wHAC0_EBvy87V.jpg' ),
(	10048	, 'https://search.pstatic.net/common/?src=https%3A%2F%2Fpup-review-phinf.pstatic.net%2FMjAyNDEwMDNfMzMg%2FMDAxNzI3OTYxNTE5ODc4.R7c7CIEJtU_DL-klkusIHnSGMkdysAQcdcKy2H3CDjEg.oRXy2ts_yng3UclIbPQtQfPxtNfn9NlKY4sDXAjwLycg.JPEG%2F1000017134.jpg.jpg%3Ftype%3Dw1500_60_sharpen	 ' ),
(	10048	, 'https://search.pstatic.net/common/?src=http%3A%2F%2Fblogfiles.naver.net%2FMjAyNDA4MTRfNSAg%2FMDAxNzIzNjExNzUxNDU2.CNmWuH3OwNpjtimBxgSqCR4uUFTKwnPoh_rqLiE0WHcg.FI_He1LxM2Uh0EqZa2se1H9iLhTRSCZJkjlUs1l0hvgg.JPEG%2FKakaoTalk_20240809_104328589_03.jpg' ),
(	10048	, 'https://search.pstatic.net/common/?src=http%3A%2F%2Fblogfiles.naver.net%2FMjAyNDA5MjNfMTk1%2FMDAxNzI3MDczMzI3Mzgw.lLcD3woRvTLZPCHJe5slQZG4SR8o2cqOkknM1_l8VH4g.0GLwnHeGaLU0L_Ekrh7Fv7BLgpWx36-tmoPg24cJYAcg.JPEG%2F20240912_123831.jpg' ),
(	10048	, 'https://search.pstatic.net/common/?src=http%3A%2F%2Fblogfiles.naver.net%2FMjAyNDA0MjBfMjk4%2FMDAxNzEzNTY4Nzg2NzIw.VKwqtzZ0zUoD1zanvJ3nsALXceZxoqaEj8T7G0wzYTQg.4MkAZFwH9VqPPRptUhKlizlTkXdsHsok9qLNZRheuV8g.JPEG%2FIMG_6985.jpg' ),
(	10048	, 'https://search.pstatic.net/common/?src=https%3A%2F%2Fldb-phinf.pstatic.net%2F20230714_154%2F1689344156196kOjb2_PNG%2F%25C0%25DA%25BF%25AC%25B4%25C9%25C0%25CC_%25BF%25C0%25B8%25AE%25B9%25E9%25BC%25F7.png' ),
(	10048	, 'https://search.pstatic.net/common/?src=https%3A%2F%2Fldb-phinf.pstatic.net%2F20230714_202%2F1689344156169PXD1v_PNG%2F%25B9%25AC%25C0%25BA%25C1%25F6_%25C5%25E4%25C1%25BE%25B4%25DF%25BA%25BA%25C0%25BD%25C5%25C1.png' ),
(	10048	, 'https://search.pstatic.net/common/?src=https%3A%2F%2Fldb-phinf.pstatic.net%2F20230717_101%2F16895203961735uklO_JPEG%2F%25B8%25DE%25B9%25D0%25C0%25FC.jpg' ),
(	10049	, 'https://search.pstatic.net/common/?src=https%3A%2F%2Fldb-phinf.pstatic.net%2F20240927_282%2F1727440057027s5AJB_JPEG%2F%25C1%25F8%25C1%25DF_%25BF%25EC%25C0%25B0%25B8%25E9%25B0%25FC_%25C7%25C3%25B7%25B9%25C0%25CC%25BD%25BA_1.jpg' ),
(	10049	, 'https://search.pstatic.net/common/?src=https%3A%2F%2Fldb-phinf.pstatic.net%2F20240927_7%2F1727440150758vR70g_JPEG%2F%25C1%25F8%25C1%25DF_%25BF%25EC%25C0%25B0%25B8%25E9%25B0%25FC_%25C7%25C3%25B7%25B9%25C0%25CC%25BD%25BA_3.jpg' ),
(	10049	, 'https://search.pstatic.net/common/?src=https%3A%2F%2Fldb-phinf.pstatic.net%2F20240930_232%2F1727680021034vCYWv_JPEG%2F%25C1%25F8%25C1%25DF_%25BF%25EC%25C0%25B0%25B8%25E9%25B0%25FC_%25C7%25C3%25B7%25B9%25C0%25CC%25BD%25BA_6.JPg' ),
(	10049	, 'https://search.pstatic.net/common/?src=https%3A%2F%2Fpup-review-phinf.pstatic.net%2FMjAyNDEwMDlfMzIg%2FMDAxNzI4NDQ5ODcwNDI5.JbciGXEtX3njC2yH7fdnFGv5rQBktHsfowd-9iszSd8g.OMakv9n7llgqs0HavV_gZNrvyiHVEQdgB_EKUlLXBOQg.JPEG%2F20241009_135737.jpg%3Ftype%3Dw1500_60_sharpen	 ' ),
(	10049	, 'https://search.pstatic.net/common/?src=http%3A%2F%2Fblogfiles.naver.net%2FMjAyNDA5MTVfMjE1%2FMDAxNzI2Mzg5MDIwNzA1.kG69rmljFXJWhnVSMicTYsEdSXkmhjSAb9Bjq4cIAcIg.zUyR8zFZIX_F3DwY0vWWWsT6hDHRQYjNmoOqDrgZcBog.JPEG%2FKakaoTalk_20240915_171825817_05.jpg' ),
(	10049	, 'https://search.pstatic.net/common/?src=http%3A%2F%2Fblogfiles.naver.net%2FMjAyNDA4MDNfNTYg%2FMDAxNzIyNjczMjQ1MjQw.klZWj_AjQgXcOlT52PcYwzx74g9T4eRMqwLM2pCOD2Eg.t-_umHU_Z9nAAyYARuEiJmlnKZHwDV-IZjSBZohZP4Qg.JPEG%2FIMG_5134.jpg' ),
(	10049	, 'https://search.pstatic.net/common/?src=http%3A%2F%2Fblogfiles.naver.net%2FMjAyNDA3MjlfMTAz%2FMDAxNzIyMjUxMzE5MTE1.UywtZQ7Rc2pgth7MEMOui0EBtVm6L4pKZUMIGdkHQiIg.qyRFKEG3vazKWB3bICk8U7sO-WocyCwWqmMqE6fuTrQg.JPEG%2FIMG_6023.jpg' ),
(	10049	, 'https://search.pstatic.net/common/?src=https%3A%2F%2Fldb-phinf.pstatic.net%2F20240927_41%2F1727440150725l91Oh_JPEG%2F%25C1%25F8%25C1%25DF_%25BF%25EC%25C0%25B0%25B8%25E9%25B0%25FC_%25C7%25C3%25B7%25B9%25C0%25CC%25BD%25BA_4.jpg' ),
(	10049	, 'https://search.pstatic.net/common/?src=https%3A%2F%2Fldb-phinf.pstatic.net%2F20240927_247%2F17274400571731zEzs_JPEG%2F%25C1%25F8%25C1%25DF_%25BF%25EC%25C0%25B0%25B8%25E9%25B0%25FC_%25C7%25C3%25B7%25B9%25C0%25CC%25BD%25BA_2.jpg' ),
(	10049	, 'https://search.pstatic.net/common/?src=https%3A%2F%2Fldb-phinf.pstatic.net%2F20240930_104%2F17276800210062EA3l_JPEG%2F%25C1%25F8%25C1%25DF_%25BF%25EC%25C0%25B0%25B8%25E9%25B0%25FC_%25C7%25C3%25B7%25B9%25C0%25CC%25BD%25BA_5.JPg' ),
(	10050	, 'https://search.pstatic.net/common/?src=https%3A%2F%2Fpup-review-phinf.pstatic.net%2FMjAyNDEwMDhfMjAx%2FMDAxNzI4Mzg2NDE2ODIx.CFUgpbU4MS2aHvRISuaySX53UmaPXYChaj_bxTTKWaYg.A5DArfjQpzQ6U7D_hRq8qbTAQ6JpyMQSHkHTyLu320Qg.JPEG%2F1000015648.jpg.jpg%3Ftype%3Dw1500_60_sharpen	 ' ),
(	10050	, 'https://search.pstatic.net/common/?src=https%3A%2F%2Fpup-review-phinf.pstatic.net%2FMjAyNDEwMDhfMjAx%2FMDAxNzI4Mzg2NDE2ODIx.CFUgpbU4MS2aHvRISuaySX53UmaPXYChaj_bxTTKWaYg.A5DArfjQpzQ6U7D_hRq8qbTAQ6JpyMQSHkHTyLu320Qg.JPEG%2F1000015648.jpg.jpg%3Ftype%3Dw1500_60_sharpen	 ' ),
(	10050	, 'https://search.pstatic.net/common/?src=http%3A%2F%2Fblogfiles.naver.net%2FMjAyNDA5MjBfMjQ3%2FMDAxNzI2ODA2NTk0NzY2.QlsPG5DQt1QEJyU6CbIsN5ucN2CqmXjZIRwSIF63jtog.6P9w7Qze0BWmOnzQTZ4kJxqbiTKRjlFq2TAsBpTpcKIg.JPEG%2FKakaoTalk_20240919_132647210_07.jpg' ),
(	10050	, 'https://search.pstatic.net/common/?src=http%3A%2F%2Fblogfiles.naver.net%2FMjAyNDA5MTlfMjA4%2FMDAxNzI2NzE5NzA4MzI5.s34X-qf-QVowQ8a_hEIPezk_5xrkAoGDJ1Kksk_NMDIg.-k_Hp28zQnz_FOLr1MnhLheHA1nmhKMbuFyvepZ8KnEg.JPEG%2FKakaoTalk_20240919_122337262_06.jpg' ),
(	10050	, 'https://search.pstatic.net/common/?src=http%3A%2F%2Fblogfiles.naver.net%2FMjAyMzExMjNfMjM2%2FMDAxNzAwNzA2ODA4NDY2.hx4mc20gFtCjEeWONCVpUfpv4ya2ESz8TocDdS0MAssg.ittuPdS3SylcOl2_yiEZifV9OTXlcFfNB0rnFM7airQg.JPEG.sezsez7%2F%25BF%25A9%25B9%25AB%253F%25BC%25D2%25C0%25FA%25B9%25CC-%25C5%25E6%25BC%25EE%25BF%25EC-54621974574.jpg' ),
(	10050	, 'https://search.pstatic.net/common/?src=https%3A%2F%2Fldb-phinf.pstatic.net%2F20200605_111%2F1591323441077vFbYr_JPEG%2F6INFSsnT6WdXoXk60oFpZ8e3.JPG.jpg' ),
(	10050	, 'https://search.pstatic.net/common/?src=https%3A%2F%2Fldb-phinf.pstatic.net%2F20200606_93%2F1591428597219gC7B0_JPEG%2FYnMlXevjFBNwNewwS1SxpCXL.jpg' ),
(	10050	, 'https://search.pstatic.net/common/?src=https%3A%2F%2Fldb-phinf.pstatic.net%2F20200606_93%2F1591428597219gC7B0_JPEG%2FYnMlXevjFBNwNewwS1SxpCXL.jpg' ),
(	10050	, 'https://search.pstatic.net/common/?src=https%3A%2F%2Fpup-review-phinf.pstatic.net%2FMjAyNDEwMDhfOTcg%2FMDAxNzI4Mzg2NDEzMjky.wOyASoZsyPDchJZyDpzrV12KBuaxM_jQQZhgqNqWJM4g.AkMVVz2Z3QhwajTjit8ts0VGYRQd_estL-dtgeHP-Rsg.JPEG%2F1000015664.jpg.jpg%3Ftype%3Dw1500_60_sharpen	 ' ),
(	10050	, 'https://search.pstatic.net/common/?src=http%3A%2F%2Fblogfiles.naver.net%2FMjAyNDA4MzFfMTI3%2FMDAxNzI1MTA3OTk3NzAy.HmALyLmw1fsXx8dRl1ZfSAvprL6FKH21dTmBm2w2xPQg.zrzxPnuE9kTpucXjDaCAg1-khFzjyVl6hmzfYq-elY8g.JPEG%2FIMG_3420.jpg	 '                     	);

COMMIT;


insert into RS_MENU (RS_NO, RS_FOOD_MENU, RS_FOOD_PRICE) VALUES
(	10001	,	'도가니탕(보통)'	,	13000	),
(	10001	,	'도가니탕(특)'	,	17000	),
(	10001	,	'해장국'	,	7000	),
(	10001	,	'수육'	,	30000	),
(	10002	,	'해장국'	,	12000	),
(	10002	,	'육회비빔밥'	,	17000	),
(	10002	,	'육회'	,	40000	),
(	10002	,	'소고기수육'	,	40000	),
(	10002	,	'모듬수육'	,	45000	),
(	10003	,	'순두부'	,	9000	),
(	10003	,	'오징어볶음'	,	10000	),
(	10003	,	'제육볶음'	,	11000	),
(	10003	,	'생삼겹살(200g)'	,	18000	),
(	10003	,	'생목살(200g)'	,	18000	),
(	10004	,	'짬뽕'	,	10000	),
(	10004	,	'수제만두'	,	7000	),
(	10004	,	'짬뽕밥'	,	10000	),
(	10004	,	'순두부짬뽕밥'	,	11000	),
(	10004	,	'백짬뽕'	,	12000	),
(	10005	,	'장어간장구이(250g)'	,	60000	),
(	10005	,	'장어소금구이(250g)'	,	60000	),
(	10005	,	'메기매운탕'	,	50000	),
(	10005	,	'장어죽'	,	3000	),
(	10006	,	'삼겹살(300g)'	,	40000	),
(	10006	,	'오겹살(300g)'	,	50000	),
(	10006	,	'안창살(300g)'	,	80000	),
(	10007	,	'모듬순대'	,	14000	),
(	10007	,	'순대국밥'	,	9000	),
(	10007	,	'순대반접시'	,	7000	),
(	10008	,	'짜장면'	,	7000	),
(	10008	,	'짬뽕'	,	8000	),
(	10008	,	'기스면'	,	6000	),
(	10008	,	'우동'	,	9000	),
(	10008	,	'잡채'	,	20000	),
(	10009	,	'육회비빈밥(특)'	,	14000	),
(	10009	,	'육회비빈밥(보통)'	,	11000	),
(	10009	,	'소불고기비빈밥(고추장)'	,	10000	),
(	10009	,	'소불고기비빈밥(간장)'	,	10000	),
(	10009	,	'순대국밥'	,	8000	),
(	10010	,	'양념치킨'	,	18000	),
(	10010	,	'후라이드치킨'	,	17000	),
(	10010	,	'통구이'	,	17000	),
(	10010	,	'반반치킨'	,	17000	),
(	10010	,	'닭똥집'	,	9000	),
(	10011	,	'홍소스즈토우'	,	25000	),
(	10011	,	'경장육사'	,	15000	),
(	10011	,	'해파리냉채'	,	25000	),
(	10011	,	'바지락'	,	18000	),
(	10011	,	'샹라샤'	,	25000	),
(	10012	,	'짜장면'	,	7000	),
(	10012	,	'짬뽕'	,	8000	),
(	10012	,	'볶음밥'	,	8000	),
(	10012	,	'잡탕밥'	,	14000	),
(	10012	,	'잡채밥'	,	8000	),
(	10013	,	'능이닭백숙'	,	50000	),
(	10013	,	'닭볶음탕'	,	50000	),
(	10013	,	'제육볶음'	,	20000	),
(	10013	,	'고등어두부구이'	,	20000	),
(	10013	,	'두부전골'	,	18000	),
(	10014	,	'깁밥'	,	1500	),
(	10014	,	'순대국'	,	5000	),
(	10014	,	'라면'	,	3000	),
(	10014	,	'떡라면'	,	4000	),
(	10014	,	'순대'	,	3000	),
(	10015	,	'묵은지지짐이'	,	9000	),
(	10015	,	'오징어볶음'	,	9000	),
(	10015	,	'집된장찌개'	,	8000	),
(	10015	,	'김치찌개'	,	8000	),
(	10015	,	'우럭구이'	,	16000	),
(	10016	,	'김치말이전골'	,	12000	),
(	10016	,	'만두전골'	,	12000	),
(	10017	,	'쌈밥정식'	,	13000	),
(	10017	,	'보리밥'	,	9000	),
(	10018	,	'아바이회국수'	,	12000	),
(	10018	,	'아바이회덮밥'	,	12000	),
(	10018	,	'오징어순대'	,	25000	),
(	10018	,	'아바이순대'	,	20000	),
(	10018	,	'모듬순대'	,	27000	),
(	10019	,	'게해장국'	,	12000	),
(	10019	,	'황태해장국'	,	10000	),
(	10019	,	'코다리찜(특대)'	,	50000	),
(	10019	,	'코다리찜(대)'	,	45000	),
(	10019	,	'코다리찜(중)'	,	35000	),
(	10020	,	'곱창구이'	,	18000	),
(	10020	,	'대창전골'	,	28000	),
(	10020	,	'양푼이갈비'	,	24000	),
(	10020	,	'돌판갈비찜'	,	24000	),
(	10020	,	'돌판삼겹살'	,	24000	),
(	10021	,	'카이센동'	,	33000	),
(	10021	,	'장어덮밥'	,	29000	),
(	10021	,	'이쿠라동'	,	45000	),
(	10021	,	'카펠리니'	,	25000	),
(	10021	,	'우니동'	,	40000	),
(	10022	,	'눈꽃목살(150g)'	,	19000	),
(	10022	,	'본삼겹(150g)'	,	19000	),
(	10022	,	'등목살(150g)'	,	21000	),
(	10022	,	'껍데기(120g)'	,	14000	),
(	10022	,	'바질쌈'	,	5000	),
(	10023	,	'참쌀탕수육'	,	16000	),
(	10023	,	'삼색야채볶음'	,	15000	),
(	10023	,	'향라육슬'	,	18000	),
(	10023	,	'쿵파오치킨'	,	18000	),
(	10023	,	'가지볶음'	,	15000	),
(	10024	,	'뭉텅찌개'	,	11000	),
(	10024	,	'두부찌개'	,	10000	),
(	10024	,	'칡물냉면'	,	8000	),
(	10024	,	'칡비빔냉면'	,	8000	),
(	10024	,	'쫄냉면'	,	8000	),
(	10025	,	'세트A'	,	35000	),
(	10025	,	'세트B'	,	37000	),
(	10025	,	'세트C'	,	60000	),
(	10025	,	'짜장면'	,	8000	),
(	10025	,	'굴짬뽕'	,	13000	),
(	10026	,	'산닭구이'	,	70000	),
(	10026	,	'옻닭'	,	70000	),
(	10026	,	'백숙'	,	70000	),
(	10026	,	'닭도리탕'	,	65000	),
(	10026	,	'오리백숙'	,	60000	),
(	10027	,	'계절면요리'	,	9800	),
(	10028	,	'간재미찜'	,	78000	),
(	10028	,	'오이샐러드'	,	9000	),
(	10028	,	'산동샤오찌'	,	24000	),
(	10028	,	'가리비찜'	,	24000	),
(	10028	,	'동파육'	,	42000	),
(	10029	,	'능이백숙'	,	90000	),
(	10029	,	'한방백숙'	,	70000	),
(	10029	,	'닭도리탕'	,	60000	),
(	10029	,	'해신탕'	,	22000	),
(	10029	,	'삼계탕'	,	17000	),
(	10030	,	'한우추어탕'	,	15000	),
(	10030	,	'갈추어탕'	,	13000	),
(	10030	,	'통추어탕'	,	13000	),
(	10030	,	'숙회'	,	40000	),
(	10030	,	'튀김'	,	12000	),
(	10031	,	'살치살(600g)'	,	168000	),
(	10031	,	'치마살(600g)'	,	168000	),
(	10031	,	'안창살(600g)'	,	168000	),
(	10031	,	'갈비본살(600g)'	,	168000	),
(	10032	,	'아란치니'	,	8000	),
(	10032	,	'고등어파스타'	,	19000	),
(	10032	,	'버섯크림뇨끼'	,	20000	),
(	10032	,	'까넬로니'	,	23000	),
(	10032	,	'타야린'	,	20000	),
(	10033	,	'소머리국밥'	,	12000	),
(	10034	,	'오징어불고기'	,	11000	),
(	10034	,	'돼지불고기'	,	11000	),
(	10034	,	'간장돼지불고기'	,	11000	),
(	10034	,	'순대'	,	12000	),
(	10034	,	'간장닭불구이'	,	11000	),
(	10035	,	'한상차림'	,	25000	),
(	10036	,	'쌀국수 세트'	,	14000	),
(	10036	,	'반미 세트'	,	15000	),
(	10036	,	'구어이 세트'	,	11000	),
(	10036	,	'쌀국수 2인세트'	,	27000	),
(	10036	,	'만두'	,	10000	),
(	10037	,	'황태구이 정식'	,	15000	),
(	10037	,	'황태국밥'	,	10000	),
(	10037	,	'청국장'	,	10000	),
(	10037	,	'도토리묵'	,	12000	),
(	10037	,	'감자전'	,	12000	),
(	10038	,	'짜장면'	,	7000	),
(	10038	,	'짬뽕'	,	8500	),
(	10038	,	'짬뽕밥'	,	9500	),
(	10038	,	'볶음밥'	,	9000	),
(	10038	,	'난자완스밥'	,	15000	),
(	10039	,	'고등어'	,	13000	),
(	10039	,	'갈치'	,	15000	),
(	10039	,	'갈치조림'	,	13000	),
(	10039	,	'법성포굴비'	,	13000	),
(	10039	,	'알탕'	,	13000	),
(	10040	,	'전복모둠물회'	,	22000	),
(	10040	,	'생선물회'	,	17000	),
(	10040	,	'전복죽'	,	17000	),
(	10040	,	'회덮밥'	,	17000	),
(	10040	,	'멍게비빔밥'	,	16000	),
(	10041	,	'아구찜(소)'	,	40000	),
(	10041	,	'꽃게섞어찜'	,	65000	),
(	10041	,	'꽃게찜'	,	60000	),
(	10041	,	'낙지찜'	,	40000	),
(	10041	,	'홍어찜'	,	40000	),
(	10042	,	'제육직화'	,	10000	),
(	10042	,	'오징어직화'	,	10000	),
(	10042	,	'낙지직화'	,	12000	),
(	10042	,	'오삼직화'	,	10000	),
(	10042	,	'낙삼직화'	,	11000	),
(	10043	,	'소곱창'	,	26000	),
(	10043	,	'소대창'	,	24000	),
(	10043	,	'소막창'	,	24000	),
(	10043	,	'모듬곱창'	,	26000	),
(	10043	,	'양깃머리'	,	27000	),
(	10044	,	'부대찌개 2인'	,	26000	),
(	10044	,	'부대찌개 3인'	,	39000	),
(	10044	,	'부대찌개 4인'	,	52000	),
(	10044	,	'훈제소세지'	,	12000	),
(	10044	,	'소세지'	,	7000	),
(	10045	,	'쌈밥정식'	,	15000	),
(	10045	,	'생삼겹살'	,	15000	),
(	10045	,	'오늘의점심'	,	9000	),
(	10045	,	'삼겹살찜(대)'	,	45000	),
(	10045	,	'삼겹살찜(중)'	,	35000	),
(	10046	,	'납작만두'	,	4500	),
(	10046	,	'쫄면'	,	5500	),
(	10046	,	'우동'	,	4500	),
(	10046	,	'라면'	,	4500	),
(	10047	,	'돼지국밥'	,	10000	),
(	10047	,	'수육백반'	,	13000	),
(	10047	,	'수육(대)'	,	40000	),
(	10047	,	'수육(중)'	,	35000	),
(	10047	,	'수육(소)'	,	30000	),
(	10048	,	'토종닭백숙'	,	70000	),
(	10048	,	'오리백숙'	,	89000	),
(	10048	,	'메밀전'	,	10000	),
(	10049	,	'우육면 진'	,	15000	),
(	10049	,	'우육면'	,	12000	),
(	10049	,	'수교'	,	8000	),
(	10049	,	'오이소채'	,	3000	),
(	10050	,	'로스카츠'	,	15500	),
(	10050	,	'히레카츠'	,	12500	),
(	10050	,	'칸쥬쿠카츠'	,	11500	),
(	10050	,	'대로스카츠'	,	14000	),
(	10050	,	'에비카츠'	,	12000	);


COMMIT;

ALTER TABLE `MEMBER` AUTO_INCREMENT=1;
SET @COUNT = 0;
UPDATE `MEMBER` SET MEM_NO = @COUNT:=@COUNT+1;

insert into MEMBER ( MEM_ID , MEM_PWD, MEM_NAME, MEM_NICK, MEM_PHONE, MEM_EMAIL ) 
VALUES ('ddd', '1234', '김우인', '테스트1', '010-1111-2222', 'test@naver.com'),
('ddd', '1234', '김우인2', '테스트2', '010-1111-2222', 'test@naver.com'),
('ddd2', '1234', '홍길동', '테스트3', '010-2222-3333', 'test1@naver.com'),
('ddd3', '1234', '김김김', '테스트4', '010-3333-4444', 'test2@naver.com'),
('ddd4', '1234', '오오오', '테스트5', '010-4444-5555', 'test3@naver.com'),
('ddd5', '1234', '라라라', '테스트6', '010-6666-7777', 'test4@naver.com'),
('ddd6', '1234', '야야야', '테스트7', '010-7777-8888', 'test5@naver.com'),
('ddd7', '1234', '하하하', '테스트8', '010-8888-9999', 'test6@naver.com');

commit;


insert into REVIEW (MEM_NO,RS_NO ,RS_REV_RATING,REV_CONTENTS,REV_CREATE_DATE)
values (1,10001, 4,'맛있게 잘 먹었습니다', '2024-09-28 10:12:01'),
	   (2,10001, 3,'맛있게 잘 먹었습니다 굿', '2024-09-28 10:13:01'),
	  (3,10001, 5,'맛있게 잘 먹었습니다요', '2024-09-28 10:14:01'),
	  (4,10001, 1,'그냥저냥 잘 먹었습니다요', '2024-09-28 10:14:01'),
	  (5,10001, 2,'잘 먹었습니다요', '2024-09-28 10:16:01'),
	  (6,10001, 1,'잘 먹었습니다요', '2024-09-28 10:17:01'),
	  (1,10002, 2,'맛있게 잘 먹었습니다', '2024-09-28 10:12:01'),
	  (2,10002, 3,'맛있게 잘 먹었습니다 굿', '2024-09-28 10:13:01'),
	  (3,10002, 5,'맛있게 잘 먹었습니다요', '2024-09-28 10:14:01'),
	  (4,10002, 1,'그냥저냥 잘 먹었습니다요', '2024-09-28 10:14:01'),
	  (5,10002, 2,'잘 먹었습니다요', '2024-09-28 10:16:01'),
	  (6,10002, 1,'잘 먹었습니다요', '2024-09-28 10:17:01'),
	  (1,10002, 5,'맛있게 잘 먹었습니다', '2024-09-28 10:12:01'),
	   (2,10003, 3,'맛있게 잘 먹었습니다 굿', '2024-09-28 10:13:01'),
	  (3,10003, 5,'맛있게 잘 먹었습니다요', '2024-09-28 10:14:01'),
	  (4,10003, 1,'그냥저냥 잘 먹었습니다요', '2024-09-28 10:14:01'),
	  (5,10003, 2,'잘 먹었습니다요', '2024-09-28 10:16:01'),
	  (6,10003, 1,'잘 먹었습니다요', '2024-09-28 10:17:01');
	  
	 
commit;